CREATE DATABASE [DB_QUANLYBIDA]
GO
USE [DB_QUANLYBIDA]
GO
ALTER DATABASE [DB_QUANLYBIDA] SET ANSI_NULL_DEFAULT OFF 
GO
ALTER DATABASE [DB_QUANLYBIDA] SET ANSI_NULLS OFF 
GO
ALTER DATABASE [DB_QUANLYBIDA] SET ANSI_PADDING OFF 
GO
ALTER DATABASE [DB_QUANLYBIDA] SET ANSI_WARNINGS OFF 
GO
ALTER DATABASE [DB_QUANLYBIDA] SET ARITHABORT OFF 
GO
ALTER DATABASE [DB_QUANLYBIDA] SET AUTO_CLOSE ON 
GO
ALTER DATABASE [DB_QUANLYBIDA] SET AUTO_SHRINK OFF 
GO
ALTER DATABASE [DB_QUANLYBIDA] SET AUTO_UPDATE_STATISTICS ON 
GO
ALTER DATABASE [DB_QUANLYBIDA] SET CURSOR_CLOSE_ON_COMMIT OFF 
GO
ALTER DATABASE [DB_QUANLYBIDA] SET CURSOR_DEFAULT  GLOBAL 
GO
ALTER DATABASE [DB_QUANLYBIDA] SET CONCAT_NULL_YIELDS_NULL OFF 
GO
ALTER DATABASE [DB_QUANLYBIDA] SET NUMERIC_ROUNDABORT OFF 
GO
ALTER DATABASE [DB_QUANLYBIDA] SET QUOTED_IDENTIFIER OFF 
GO
ALTER DATABASE [DB_QUANLYBIDA] SET RECURSIVE_TRIGGERS OFF 
GO
ALTER DATABASE [DB_QUANLYBIDA] SET  DISABLE_BROKER 
GO
ALTER DATABASE [DB_QUANLYBIDA] SET AUTO_UPDATE_STATISTICS_ASYNC OFF 
GO
ALTER DATABASE [DB_QUANLYBIDA] SET DATE_CORRELATION_OPTIMIZATION OFF 
GO
ALTER DATABASE [DB_QUANLYBIDA] SET TRUSTWORTHY OFF 
GO
ALTER DATABASE [DB_QUANLYBIDA] SET ALLOW_SNAPSHOT_ISOLATION OFF 
GO
ALTER DATABASE [DB_QUANLYBIDA] SET PARAMETERIZATION SIMPLE 
GO
ALTER DATABASE [DB_QUANLYBIDA] SET READ_COMMITTED_SNAPSHOT OFF 
GO
ALTER DATABASE [DB_QUANLYBIDA] SET HONOR_BROKER_PRIORITY OFF 
GO
ALTER DATABASE [DB_QUANLYBIDA] SET RECOVERY SIMPLE 
GO
ALTER DATABASE [DB_QUANLYBIDA] SET  MULTI_USER 
GO
ALTER DATABASE [DB_QUANLYBIDA] SET PAGE_VERIFY CHECKSUM  
GO
ALTER DATABASE [DB_QUANLYBIDA] SET DB_CHAINING OFF 
GO
ALTER DATABASE [DB_QUANLYBIDA] SET FILESTREAM( NON_TRANSACTED_ACCESS = OFF ) 
GO
ALTER DATABASE [DB_QUANLYBIDA] SET TARGET_RECOVERY_TIME = 60 SECONDS 
GO
ALTER DATABASE [DB_QUANLYBIDA] SET DELAYED_DURABILITY = DISABLED 
GO
ALTER DATABASE [DB_QUANLYBIDA] SET ACCELERATED_DATABASE_RECOVERY = OFF  
GO
ALTER DATABASE [DB_QUANLYBIDA] SET QUERY_STORE = ON
GO
ALTER DATABASE [DB_QUANLYBIDA] SET QUERY_STORE (OPERATION_MODE = READ_WRITE, CLEANUP_POLICY = (STALE_QUERY_THRESHOLD_DAYS = 30), DATA_FLUSH_INTERVAL_SECONDS = 900, INTERVAL_LENGTH_MINUTES = 60, MAX_STORAGE_SIZE_MB = 1000, QUERY_CAPTURE_MODE = AUTO, SIZE_BASED_CLEANUP_MODE = AUTO, MAX_PLANS_PER_QUERY = 200, WAIT_STATS_CAPTURE_MODE = ON)
GO
USE [DB_QUANLYBIDA]
GO
/****** Object:  UserDefinedFunction [dbo].[fuConvertToUnsign1]    Script Date: 9/20/2025 6:52:47 PM ******/
SET ANSI_NULLS ON
GO
SET QUOTED_IDENTIFIER ON
GO
CREATE FUNCTION [dbo].[fuConvertToUnsign1] ( @strInput NVARCHAR(4000) ) RETURNS NVARCHAR(4000) AS BEGIN IF @strInput IS NULL RETURN @strInput IF @strInput = '' RETURN @strInput DECLARE @RT NVARCHAR(4000) DECLARE @SIGN_CHARS NCHAR(136) DECLARE @UNSIGN_CHARS NCHAR (136) SET @SIGN_CHARS = N'ăâđêôơưàảãạáằẳẵặắầẩẫậấèẻẽẹéềểễệế ìỉĩịíòỏõọóồổỗộốờởỡợớùủũụúừửữựứỳỷỹỵý ĂÂĐÊÔƠƯÀẢÃẠÁẰẲẴẶẮẦẨẪẬẤÈẺẼẸÉỀỂỄỆẾÌỈĨỊÍ ÒỎÕỌÓỒỔỖỘỐỜỞỠỢỚÙỦŨỤÚỪỬỮỰỨỲỶỸỴÝ' +NCHAR(272)+ NCHAR(208) SET @UNSIGN_CHARS = N'aadeoouaaaaaaaaaaaaaaaeeeeeeeeee iiiiiooooooooooooooouuuuuuuuuuyyyyy AADEOOUAAAAAAAAAAAAAAAEEEEEEEEEEIIIII OOOOOOOOOOOOOOOUUUUUUUUUUYYYYYDD' DECLARE @COUNTER int DECLARE @COUNTER1 int SET @COUNTER = 1 WHILE (@COUNTER <=LEN(@strInput)) BEGIN SET @COUNTER1 = 1 WHILE (@COUNTER1 <=LEN(@SIGN_CHARS)+1) BEGIN IF UNICODE(SUBSTRING(@SIGN_CHARS, @COUNTER1,1)) = UNICODE(SUBSTRING(@strInput,@COUNTER ,1) ) BEGIN IF @COUNTER=1 SET @strInput = SUBSTRING(@UNSIGN_CHARS, @COUNTER1,1) + SUBSTRING(@strInput, @COUNTER+1,LEN(@strInput)-1) ELSE SET @strInput = SUBSTRING(@strInput, 1, @COUNTER-1) +SUBSTRING(@UNSIGN_CHARS, @COUNTER1,1) + SUBSTRING(@strInput, @COUNTER+1,LEN(@strInput)- @COUNTER) BREAK END SET @COUNTER1 = @COUNTER1 +1 END SET @COUNTER = @COUNTER +1 END SET @strInput = replace(@strInput,' ','-') RETURN @strInput END
GO
SET ANSI_NULLS ON
GO
SET QUOTED_IDENTIFIER ON
GO
--Tạo bảng ACCOUNT chứa thông tin tài khoản người dùng.---
CREATE TABLE [dbo].[ACCOUNT](
	[USERNAME] [nvarchar](100) NOT NULL,
	[DISPLAYNAME] [nvarchar](100) NOT NULL,
	[PASSWORD] [nvarchar](100) NOT NULL,
	[TYPE] [int] NOT NULL,
	[EMPLOYEEID] [int] NOT NULL,
 CONSTRAINT [PK_ACCOUNT] PRIMARY KEY CLUSTERED 
(
	[EMPLOYEEID] ASC
)WITH (PAD_INDEX = OFF, STATISTICS_NORECOMPUTE = OFF, IGNORE_DUP_KEY = OFF, ALLOW_ROW_LOCKS = ON, ALLOW_PAGE_LOCKS = ON, OPTIMIZE_FOR_SEQUENTIAL_KEY = OFF) ON [PRIMARY]
) ON [PRIMARY]
GO
/****** Object:  Table [dbo].[ATTENDANCES]    Script Date: 9/20/2025 6:52:47 PM ******/
--Tạo bảng ATTENDANCES chứa thông tin chấm công.---
SET ANSI_NULLS ON
GO
SET QUOTED_IDENTIFIER ON
GO
CREATE TABLE [dbo].[ATTENDANCES](
	[ATTENDANCEID] [int] IDENTITY(1,1) NOT NULL,
	[EMPLOYEEID] [int] NULL,
	[WORKDATE] [date] NULL,
	[WORKSHIFT] [nvarchar](255) NULL,
	[SCHEDULEID] [int] NULL,
 CONSTRAINT [PK_ATTENDANCES] PRIMARY KEY CLUSTERED 
(
	[ATTENDANCEID] ASC
)WITH (PAD_INDEX = OFF, STATISTICS_NORECOMPUTE = OFF, IGNORE_DUP_KEY = OFF, ALLOW_ROW_LOCKS = ON, ALLOW_PAGE_LOCKS = ON, OPTIMIZE_FOR_SEQUENTIAL_KEY = OFF) ON [PRIMARY]
) ON [PRIMARY]
GO
/****** Object:  Table [dbo].[BILL]    Script Date: 9/20/2025 6:52:47 PM ******/
-----Lưu hóa đơn của quán bida
SET ANSI_NULLS ON
GO
SET QUOTED_IDENTIFIER ON
GO
CREATE TABLE [dbo].[BILL](
	[IDBILL] [int] IDENTITY(1,1) NOT NULL,
	[DATECHECKIN] [datetime] NULL, 
	[DATECHECKOUT] [datetime] NULL,
	[IDTABLE] [int] NOT NULL,
	[STATUS] [int] NOT NULL,
    [TABLEFEE] [decimal](18, 2) NULL, 
    [FOODFEE] [decimal](18, 2) NULL,      
    [DISCOUNT] [decimal](18, 2) NULL,     
    [SURCHARGE] [decimal](18, 2) NULL,    
    [TOTALAMOUNT] [decimal](18, 2) NULL,  
	[TOTALPRICE] [decimal](18, 2) NULL, 
	[EMPLOYEEID] [int] NULL,
    
CONSTRAINT [PK_BILL] PRIMARY KEY CLUSTERED 
(
	[IDBILL] ASC
)WITH (PAD_INDEX = OFF, STATISTICS_NORECOMPUTE = OFF, IGNORE_DUP_KEY = OFF, ALLOW_ROW_LOCKS = ON, ALLOW_PAGE_LOCKS = ON, OPTIMIZE_FOR_SEQUENTIAL_KEY = OFF) ON [PRIMARY]
) ON [PRIMARY]
GO
/****** Object:  Table [dbo].[BILLINFO]    Script Date: 9/20/2025 6:52:47 PM ******/
----Bảng này quan hệ n-n giữa BILL và FOOD.----
SET ANSI_NULLS ON
GO
SET QUOTED_IDENTIFIER ON
GO
CREATE TABLE [dbo].[BILLINFO](
	[ID] [int] IDENTITY(1,1) NOT NULL,
	[IDBILL] [int] NOT NULL,
	[IDFOOD] [int] NOT NULL,
	[COUNT] [int] NOT NULL,
 CONSTRAINT [PK_BILLINFO] PRIMARY KEY CLUSTERED 
(
	[ID] ASC
)WITH (PAD_INDEX = OFF, STATISTICS_NORECOMPUTE = OFF, IGNORE_DUP_KEY = OFF, ALLOW_ROW_LOCKS = ON, ALLOW_PAGE_LOCKS = ON, OPTIMIZE_FOR_SEQUENTIAL_KEY = OFF) ON [PRIMARY]
) ON [PRIMARY]
GO
/****** Object:  Table [dbo].[EMPLOYEES]    Script Date: 9/20/2025 6:52:47 PM ******/
----Tạo bảng nhân viên
SET ANSI_NULLS ON
GO
SET QUOTED_IDENTIFIER ON
GO
CREATE TABLE [dbo].[EMPLOYEES](
	[EMPLOYEEID] [int] IDENTITY(1,1) NOT NULL,
	[FULLNAME] [nvarchar](100) NULL,
	[GENDER] [nvarchar](10) NULL,
	[PHONE] [nvarchar](50) NULL,
	[EMAIL] [nvarchar](50) NULL,
	[IMAGES] [nvarchar](max) NULL,
	[POSITIONID] [int] NULL,
	[SCHEDULEID] [int] NULL,
	[COEFFICIENTSSALARY] [float] NULL,
	[NUMBEROFDAYSOFFOFANEMPLOYEE] [int] NULL,
	[YEAR_STARTED] [date] NULL,
	[IDENTIFICATION] [nvarchar](255) NULL,
	[ISSUING_AUTHORITY] [nvarchar](255) NULL,
 CONSTRAINT [PK_EMPLOYEES] PRIMARY KEY CLUSTERED 
(
	[EMPLOYEEID] ASC
)WITH (PAD_INDEX = OFF, STATISTICS_NORECOMPUTE = OFF, IGNORE_DUP_KEY = OFF, ALLOW_ROW_LOCKS = ON, ALLOW_PAGE_LOCKS = ON, OPTIMIZE_FOR_SEQUENTIAL_KEY = OFF) ON [PRIMARY]
) ON [PRIMARY] TEXTIMAGE_ON [PRIMARY]
GO
/****** Object:  Table [dbo].[FOOD]    Script Date: 9/20/2025 6:52:47 PM ******/
---- Tạo bảng món ăn/ đồ uống
SET ANSI_NULLS ON
GO
SET QUOTED_IDENTIFIER ON
GO
CREATE TABLE [dbo].[FOOD](
	[IDFOOD] [int] IDENTITY(1,1) NOT NULL,
	[NAME] [nvarchar](100) NULL DEFAULT (N'Chưa Đặt Tên'), 
	[IDCATEGORY] [int] NOT NULL,
	[PRICE] [decimal](18, 2) NOT NULL DEFAULT ((0)),
	[IMAGES] [nvarchar](max) NULL,
    [INVENTORY] [int] NOT NULL DEFAULT 0, 
    [UNIT] [nvarchar](50) NOT NULL DEFAULT N'Cái',

 CONSTRAINT [PK_FOOD] PRIMARY KEY CLUSTERED 
(
	[IDFOOD] ASC
)WITH (PAD_INDEX = OFF, STATISTICS_NORECOMPUTE = OFF, IGNORE_DUP_KEY = OFF, ALLOW_ROW_LOCKS = ON, ALLOW_PAGE_LOCKS = ON, OPTIMIZE_FOR_SEQUENTIAL_KEY = OFF) ON [PRIMARY]
) ON [PRIMARY] TEXTIMAGE_ON [PRIMARY]
GO
SET ANSI_NULLS ON
GO
SET QUOTED_IDENTIFIER ON
GO
CREATE TABLE [dbo].[PROMOTION](
	[ID] [int] IDENTITY(1,1) NOT NULL PRIMARY KEY,
	[NAME] [nvarchar](200) NOT NULL,
	[TYPE] [int] NOT NULL,
	[VALUE] [float] NOT NULL,
	[STATUS] [bit] NULL DEFAULT 1,
	[APPLY_FOR_FOOD_ID] [int] NULL,
	[REQUIRED_QTY] [int] NULL DEFAULT 0
)
GO
/****** Object:  Table [dbo].[FOODCATEGORY]    Script Date: 9/20/2025 6:52:47 PM ******/
---- tạo Danh Mục món ăn/ đồ uống
SET ANSI_NULLS ON
GO
SET QUOTED_IDENTIFIER ON
GO
CREATE TABLE [dbo].[FOODCATEGORY](
	[IDCATEGORY] [int] IDENTITY(1,1) NOT NULL,
	[NAME] [nvarchar](100) NULL,
 CONSTRAINT [PK_FOODCATEGORY] PRIMARY KEY CLUSTERED 
(
	[IDCATEGORY] ASC
)WITH (PAD_INDEX = OFF, STATISTICS_NORECOMPUTE = OFF, IGNORE_DUP_KEY = OFF, ALLOW_ROW_LOCKS = ON, ALLOW_PAGE_LOCKS = ON, OPTIMIZE_FOR_SEQUENTIAL_KEY = OFF) ON [PRIMARY]
) ON [PRIMARY]
GO
CREATE TABLE [dbo].[IMPORT_BILL](
	[ID] [int] IDENTITY(1,1) NOT NULL PRIMARY KEY,
	[DATE_IMPORT] [datetime] NULL DEFAULT GETDATE(),
	[TOTAL_PRICE] [decimal](18, 2) NULL DEFAULT 0,
	[NOTE] [nvarchar](max) NULL
)
GO
CREATE TABLE [dbo].[IMPORT_INFO](
	[ID] [int] IDENTITY(1,1) NOT NULL PRIMARY KEY,
	[ID_BILL] [int] NOT NULL REFERENCES IMPORT_BILL(ID),
	[ID_FOOD] [int] NOT NULL REFERENCES FOOD(IDFOOD),
	[QUANTITY] [int] NOT NULL,
	[INPUT_PRICE] [decimal](18, 2) NOT NULL
)
GO
/****** Object:  Table [dbo].[PAYROLL]    Script Date: 9/20/2025 6:52:47 PM ******/
SET ANSI_NULLS ON
GO
SET QUOTED_IDENTIFIER ON
GO
CREATE TABLE [dbo].[PAYROLL](
	[PAYROLLID] [int] IDENTITY(1,1) NOT NULL,
	[EMPLOYEEID] [int] NULL,
	[CONTRACTID] [int] NULL,
	[PAYMENTDATE] [date] NULL,
	[HOURS_WORKED] [float] NULL,
	[TOTAL_SALARY] [decimal](18, 2) NULL,
 CONSTRAINT [PK_PAYROLL] PRIMARY KEY CLUSTERED 
(
	[PAYROLLID] ASC
)WITH (PAD_INDEX = OFF, STATISTICS_NORECOMPUTE = OFF, IGNORE_DUP_KEY = OFF, ALLOW_ROW_LOCKS = ON, ALLOW_PAGE_LOCKS = ON, OPTIMIZE_FOR_SEQUENTIAL_KEY = OFF) ON [PRIMARY]
) ON [PRIMARY]
GO
/****** Object:  Table [dbo].[POSITIONS]    Script Date: 9/20/2025 6:52:47 PM ******/
---- tạo bảng chức vụ
SET ANSI_NULLS ON
GO
SET QUOTED_IDENTIFIER ON
GO
CREATE TABLE [dbo].[POSITIONS](
	[POSITIONID] [int] IDENTITY(1,1) NOT NULL,
	[POSITIONNAME] [nvarchar](50) NULL,
 CONSTRAINT [PK_POSITIONS] PRIMARY KEY CLUSTERED 
(
	[POSITIONID] ASC
)WITH (PAD_INDEX = OFF, STATISTICS_NORECOMPUTE = OFF, IGNORE_DUP_KEY = OFF, ALLOW_ROW_LOCKS = ON, ALLOW_PAGE_LOCKS = ON, OPTIMIZE_FOR_SEQUENTIAL_KEY = OFF) ON [PRIMARY]
) ON [PRIMARY]
GO
/****** Object:  Table [dbo].[SCHEDULE_CHANGES]    Script Date: 9/20/2025 6:52:47 PM ******/
----bảng yêu cầu đổi ca
SET ANSI_NULLS ON
GO
SET QUOTED_IDENTIFIER ON
GO
CREATE TABLE [dbo].[SCHEDULE_CHANGES](
	[CHANGE_ID] [int] IDENTITY(1,1) NOT NULL,
	[EMPLOYEEID] [int] NOT NULL,
	[OLD_SCHEDULEID] [int] NOT NULL,
	[NEW_SCHEDULEID] [int] NULL,
	[CHANGE_DATE] [date] NOT NULL,
	[STATUS] [nvarchar](255) NULL,
	[REASON] [nvarchar](max) NULL,
	[REQUESTED_AT] [datetime] NULL,
	[APPROVED_BY] [int] NULL,
	[APPROVED_AT] [datetime] NULL,
 CONSTRAINT [PK_SCHEDULE_CHANGES] PRIMARY KEY CLUSTERED 
(
	[CHANGE_ID] ASC
)WITH (PAD_INDEX = OFF, STATISTICS_NORECOMPUTE = OFF, IGNORE_DUP_KEY = OFF, ALLOW_ROW_LOCKS = ON, ALLOW_PAGE_LOCKS = ON, OPTIMIZE_FOR_SEQUENTIAL_KEY = OFF) ON [PRIMARY]
) ON [PRIMARY] TEXTIMAGE_ON [PRIMARY]
GO
/****** Object:  Table [dbo].[SHOPOWNERS]    Script Date: 9/20/2025 6:52:47 PM ******/
----Bảng chủ cửa hàng
SET ANSI_NULLS ON
GO
SET QUOTED_IDENTIFIER ON
GO
CREATE TABLE [dbo].[SHOPOWNERS](
	[OWNERID] [int] IDENTITY(1,1) NOT NULL,
	[FULLNAME] [nvarchar](100) NULL,
	[CONTACTINFO] [nvarchar](255) NULL,
	[EMAIL] [nvarchar](200) NULL,
 CONSTRAINT [PK_SHOPOWNERS] PRIMARY KEY CLUSTERED 
(
	[OWNERID] ASC
)WITH (PAD_INDEX = OFF, STATISTICS_NORECOMPUTE = OFF, IGNORE_DUP_KEY = OFF, ALLOW_ROW_LOCKS = ON, ALLOW_PAGE_LOCKS = ON, OPTIMIZE_FOR_SEQUENTIAL_KEY = OFF) ON [PRIMARY]
) ON [PRIMARY]
GO
/****** Object:  Table [dbo].[TABLEFOOD]    Script Date: 9/20/2025 6:52:47 PM ******/
----Bàn trong quán bida
SET ANSI_NULLS ON
GO
SET QUOTED_IDENTIFIER ON
GO
CREATE TABLE [dbo].[TABLEFOOD](
	[IDTABLE] [int] IDENTITY(1,1) NOT NULL,
	[NAME] [nvarchar](100) NOT NULL,
	[STATUS] [nvarchar](100) NOT NULL,
	[IDTYPE] [int] NULL,
	[STARTTIME] [datetime] NULL,
	[PLAYTIME] [int] NULL,
	[KHUVUC] [nvarchar](50) NULL, 
 CONSTRAINT [PK_TABLEFOOD] PRIMARY KEY CLUSTERED 
(
	[IDTABLE] ASC
)WITH (PAD_INDEX = OFF, STATISTICS_NORECOMPUTE = OFF, IGNORE_DUP_KEY = OFF, ALLOW_ROW_LOCKS = ON, ALLOW_PAGE_LOCKS = ON, OPTIMIZE_FOR_SEQUENTIAL_KEY = OFF) ON [PRIMARY]
) ON [PRIMARY]
GO
CREATE TABLE BILLIARD_TABLE_TYPE(
    IDTYPE INT IDENTITY(1,1) PRIMARY KEY,
    TYPENAME NVARCHAR(50),
    PRICE_PER_HOUR FLOAT
);
GO

ALTER TABLE TABLEFOOD
ADD CONSTRAINT FK_TABLEFOOD_TABLETYPE
FOREIGN KEY(IDTYPE) REFERENCES BILLIARD_TABLE_TYPE(IDTYPE);
GO

/****** Object:  Table [dbo].[WORKSCHEDULES]    Script Date: 9/20/2025 6:52:47 PM ******/
----Bảng ca làm việc
SET ANSI_NULLS ON
GO
SET QUOTED_IDENTIFIER ON
GO
CREATE TABLE [dbo].[WORKSCHEDULES](
	[SCHEDULEID] [int] IDENTITY(1,1) NOT NULL,
	[WORKSHIFT] [nvarchar](50) NULL,
 CONSTRAINT [PK_WORKSCHEDULES] PRIMARY KEY CLUSTERED 
(
	[SCHEDULEID] ASC
)WITH (PAD_INDEX = OFF, STATISTICS_NORECOMPUTE = OFF, IGNORE_DUP_KEY = OFF, ALLOW_ROW_LOCKS = ON, ALLOW_PAGE_LOCKS = ON, OPTIMIZE_FOR_SEQUENTIAL_KEY = OFF) ON [PRIMARY]
) ON [PRIMARY]
GO
INSERT [dbo].[ACCOUNT] ([USERNAME], [DISPLAYNAME], [PASSWORD], [TYPE], [EMPLOYEEID]) VALUES (N'Admin', N'Admin User', N'OEbkJXZPjhY=', 1, 1)
INSERT [dbo].[ACCOUNT] ([USERNAME], [DISPLAYNAME], [PASSWORD], [TYPE], [EMPLOYEEID]) VALUES (N'luongson2k57@gmail.com', N'Lương Duy Sơn', N'5v6H7hpOKhQcgvG1cQLTqQ==', 0, 32)
INSERT [dbo].[ACCOUNT] ([USERNAME], [DISPLAYNAME], [PASSWORD], [TYPE], [EMPLOYEEID]) VALUES (N'NguyenA@gmail.com', N'nguyễn văn A', N'1', 0, 35)
INSERT [dbo].[ACCOUNT] ([USERNAME], [DISPLAYNAME], [PASSWORD], [TYPE], [EMPLOYEEID]) VALUES (N'letamdac321@gmail.com', N'Lê Tâm Đắc', N'1', 0, 39)
GO
SET IDENTITY_INSERT [dbo].[ATTENDANCES] ON 

INSERT [dbo].[ATTENDANCES] ([ATTENDANCEID], [EMPLOYEEID], [WORKDATE], [WORKSHIFT], [SCHEDULEID]) VALUES (1, 1, CAST(N'2024-02-21' AS Date), N'Ca sáng 7:00 - 15:00', 1)
INSERT [dbo].[ATTENDANCES] ([ATTENDANCEID], [EMPLOYEEID], [WORKDATE], [WORKSHIFT], [SCHEDULEID]) VALUES (2, 1, CAST(N'2024-10-12' AS Date), N'Ca sáng 7:00 - 15:00', 1)
INSERT [dbo].[ATTENDANCES] ([ATTENDANCEID], [EMPLOYEEID], [WORKDATE], [WORKSHIFT], [SCHEDULEID]) VALUES (5, 31, CAST(N'2024-10-13' AS Date), N'Ca tối 19:00 - 3:00', 1)
INSERT [dbo].[ATTENDANCES] ([ATTENDANCEID], [EMPLOYEEID], [WORKDATE], [WORKSHIFT], [SCHEDULEID]) VALUES (8, 32, CAST(N'2024-10-13' AS Date), N'Ca tối 19:00 - 3:00', 1)
INSERT [dbo].[ATTENDANCES] ([ATTENDANCEID], [EMPLOYEEID], [WORKDATE], [WORKSHIFT], [SCHEDULEID]) VALUES (9, 1, CAST(N'2024-10-13' AS Date), N'Ca tối 19:00 - 3:00', 1)
INSERT [dbo].[ATTENDANCES] ([ATTENDANCEID], [EMPLOYEEID], [WORKDATE], [WORKSHIFT], [SCHEDULEID]) VALUES (10, 1, CAST(N'2024-10-15' AS Date), N'Ca sáng 7:00 - 15:00', 1)
INSERT [dbo].[ATTENDANCES] ([ATTENDANCEID], [EMPLOYEEID], [WORKDATE], [WORKSHIFT], [SCHEDULEID]) VALUES (11, 1, CAST(N'2024-12-03' AS Date), N'Ca sáng 7:00 - 15:00', 1)
INSERT [dbo].[ATTENDANCES] ([ATTENDANCEID], [EMPLOYEEID], [WORKDATE], [WORKSHIFT], [SCHEDULEID]) VALUES (12, 1, CAST(N'2025-03-17' AS Date), N'Ca tối 19:00 - 3:00', 1)
INSERT [dbo].[ATTENDANCES] ([ATTENDANCEID], [EMPLOYEEID], [WORKDATE], [WORKSHIFT], [SCHEDULEID]) VALUES (13, 31, CAST(N'2025-03-18' AS Date), N'Ca sáng 7:00 - 15:00', 1)
INSERT [dbo].[ATTENDANCES] ([ATTENDANCEID], [EMPLOYEEID], [WORKDATE], [WORKSHIFT], [SCHEDULEID]) VALUES (14, 6, CAST(N'2025-03-18' AS Date), N'Ca sáng 7:00 - 15:00', 1)
INSERT [dbo].[ATTENDANCES] ([ATTENDANCEID], [EMPLOYEEID], [WORKDATE], [WORKSHIFT], [SCHEDULEID]) VALUES (15, 1, CAST(N'2025-03-18' AS Date), N'Ca sáng 7:00 - 15:00', 1)
INSERT [dbo].[ATTENDANCES] ([ATTENDANCEID], [EMPLOYEEID], [WORKDATE], [WORKSHIFT], [SCHEDULEID]) VALUES (16, 35, CAST(N'2025-03-18' AS Date), N'Ca sáng 7:00 - 15:00', 1)
INSERT [dbo].[ATTENDANCES] ([ATTENDANCEID], [EMPLOYEEID], [WORKDATE], [WORKSHIFT], [SCHEDULEID]) VALUES (17, 1, CAST(N'2025-03-19' AS Date), N'Ca sáng 7:00 - 15:00', 1)
INSERT [dbo].[ATTENDANCES] ([ATTENDANCEID], [EMPLOYEEID], [WORKDATE], [WORKSHIFT], [SCHEDULEID]) VALUES (18, 6, CAST(N'2025-03-19' AS Date), N'Ca sáng 7:00 - 15:00', 1)
INSERT [dbo].[ATTENDANCES] ([ATTENDANCEID], [EMPLOYEEID], [WORKDATE], [WORKSHIFT], [SCHEDULEID]) VALUES (19, 32, CAST(N'2025-03-19' AS Date), N'Ca sáng 7:00 - 15:00', 1)
INSERT [dbo].[ATTENDANCES] ([ATTENDANCEID], [EMPLOYEEID], [WORKDATE], [WORKSHIFT], [SCHEDULEID]) VALUES (20, 39, CAST(N'2025-03-20' AS Date), N'Ca sáng 7:00 - 15:00', 1)
INSERT [dbo].[ATTENDANCES] ([ATTENDANCEID], [EMPLOYEEID], [WORKDATE], [WORKSHIFT], [SCHEDULEID]) VALUES (21, 31, CAST(N'2025-03-20' AS Date), N'Ca sáng 7:00 - 15:00', 1)
INSERT [dbo].[ATTENDANCES] ([ATTENDANCEID], [EMPLOYEEID], [WORKDATE], [WORKSHIFT], [SCHEDULEID]) VALUES (22, 1, CAST(N'2025-03-25' AS Date), N'Ca sáng 7:00 - 15:00', 1)
INSERT [dbo].[ATTENDANCES] ([ATTENDANCEID], [EMPLOYEEID], [WORKDATE], [WORKSHIFT], [SCHEDULEID]) VALUES (23, 31, CAST(N'2025-03-25' AS Date), N'Ca sáng 7:00 - 15:00', 1)
INSERT [dbo].[ATTENDANCES] ([ATTENDANCEID], [EMPLOYEEID], [WORKDATE], [WORKSHIFT], [SCHEDULEID]) VALUES (24, 2, CAST(N'2025-03-25' AS Date), N'Ca chiều 15:00 - 23:00', 2)
INSERT [dbo].[ATTENDANCES] ([ATTENDANCEID], [EMPLOYEEID], [WORKDATE], [WORKSHIFT], [SCHEDULEID]) VALUES (25, 35, CAST(N'2025-03-25' AS Date), N'Ca sáng 7:00 - 15:00', 1)
INSERT [dbo].[ATTENDANCES] ([ATTENDANCEID], [EMPLOYEEID], [WORKDATE], [WORKSHIFT], [SCHEDULEID]) VALUES (26, 1, CAST(N'2025-03-26' AS Date), N'Ca sáng 7:00 - 15:00', 1)
INSERT [dbo].[ATTENDANCES] ([ATTENDANCEID], [EMPLOYEEID], [WORKDATE], [WORKSHIFT], [SCHEDULEID]) VALUES (27, 31, CAST(N'2025-03-26' AS Date), N'Ca sáng 7:00 - 15:00', 1)
INSERT [dbo].[ATTENDANCES] ([ATTENDANCEID], [EMPLOYEEID], [WORKDATE], [WORKSHIFT], [SCHEDULEID]) VALUES (28, 5, CAST(N'2025-04-21' AS Date), N'Ca chiều 15:00 - 23:00', 2)
SET IDENTITY_INSERT [dbo].[ATTENDANCES] OFF
GO
SET IDENTITY_INSERT [dbo].[BILL] ON 

INSERT [dbo].[BILL] ([IDBILL], [DATECHECKIN], [DATECHECKOUT], [IDTABLE], [STATUS], [DISCOUNT], [TOTALPRICE], [EMPLOYEEID]) VALUES (1, CAST(N'2024-08-31' AS Date), CAST(N'2024-08-31' AS Date), 1, 1, 2, 45080, 1)
INSERT [dbo].[BILL] ([IDBILL], [DATECHECKIN], [DATECHECKOUT], [IDTABLE], [STATUS], [DISCOUNT], [TOTALPRICE], [EMPLOYEEID]) VALUES (2, CAST(N'2024-08-31' AS Date), CAST(N'2024-08-31' AS Date), 1, 1, 1, 14850, 1)
INSERT [dbo].[BILL] ([IDBILL], [DATECHECKIN], [DATECHECKOUT], [IDTABLE], [STATUS], [DISCOUNT], [TOTALPRICE], [EMPLOYEEID]) VALUES (3, CAST(N'2024-08-31' AS Date), CAST(N'2024-08-31' AS Date), 2, 1, 1, 15840, 1)
INSERT [dbo].[BILL] ([IDBILL], [DATECHECKIN], [DATECHECKOUT], [IDTABLE], [STATUS], [DISCOUNT], [TOTALPRICE], [EMPLOYEEID]) VALUES (4, CAST(N'2024-08-31' AS Date), CAST(N'2024-08-31' AS Date), 3, 1, 0, 12000, 2)
INSERT [dbo].[BILL] ([IDBILL], [DATECHECKIN], [DATECHECKOUT], [IDTABLE], [STATUS], [DISCOUNT], [TOTALPRICE], [EMPLOYEEID]) VALUES (5, CAST(N'2024-08-31' AS Date), CAST(N'2024-09-01' AS Date), 6, 1, 0, 41000, 5)
INSERT [dbo].[BILL] ([IDBILL], [DATECHECKIN], [DATECHECKOUT], [IDTABLE], [STATUS], [DISCOUNT], [TOTALPRICE], [EMPLOYEEID]) VALUES (6, CAST(N'2024-08-31' AS Date), CAST(N'2024-08-31' AS Date), 5, 1, 2, 43120, 3)
INSERT [dbo].[BILL] ([IDBILL], [DATECHECKIN], [DATECHECKOUT], [IDTABLE], [STATUS], [DISCOUNT], [TOTALPRICE], [EMPLOYEEID]) VALUES (7, CAST(N'2024-08-31' AS Date), CAST(N'2024-08-31' AS Date), 1, 1, 0, 44000, 1)
INSERT [dbo].[BILL] ([IDBILL], [DATECHECKIN], [DATECHECKOUT], [IDTABLE], [STATUS], [DISCOUNT], [TOTALPRICE], [EMPLOYEEID]) VALUES (8, CAST(N'2024-08-31' AS Date), CAST(N'2024-08-31' AS Date), 1, 1, 0, 15000, 1)
INSERT [dbo].[BILL] ([IDBILL], [DATECHECKIN], [DATECHECKOUT], [IDTABLE], [STATUS], [DISCOUNT], [TOTALPRICE], [EMPLOYEEID]) VALUES (9, CAST(N'2024-08-31' AS Date), CAST(N'2024-08-31' AS Date), 2, 1, 0, 15000, 5)
INSERT [dbo].[BILL] ([IDBILL], [DATECHECKIN], [DATECHECKOUT], [IDTABLE], [STATUS], [DISCOUNT], [TOTALPRICE], [EMPLOYEEID]) VALUES (10, CAST(N'2024-08-31' AS Date), CAST(N'2024-08-31' AS Date), 1, 1, 5, 40850, 2)
INSERT [dbo].[BILL] ([IDBILL], [DATECHECKIN], [DATECHECKOUT], [IDTABLE], [STATUS], [DISCOUNT], [TOTALPRICE], [EMPLOYEEID]) VALUES (11, CAST(N'2024-08-31' AS Date), CAST(N'2024-08-31' AS Date), 1, 1, 0, 15000, 6)
INSERT [dbo].[BILL] ([IDBILL], [DATECHECKIN], [DATECHECKOUT], [IDTABLE], [STATUS], [DISCOUNT], [TOTALPRICE], [EMPLOYEEID]) VALUES (12, CAST(N'2024-08-31' AS Date), CAST(N'2024-08-31' AS Date), 1, 1, 0, 15000, 2)
INSERT [dbo].[BILL] ([IDBILL], [DATECHECKIN], [DATECHECKOUT], [IDTABLE], [STATUS], [DISCOUNT], [TOTALPRICE], [EMPLOYEEID]) VALUES (13, CAST(N'2024-08-31' AS Date), CAST(N'2024-08-31' AS Date), 2, 1, 0, 15000, 1)
INSERT [dbo].[BILL] ([IDBILL], [DATECHECKIN], [DATECHECKOUT], [IDTABLE], [STATUS], [DISCOUNT], [TOTALPRICE], [EMPLOYEEID]) VALUES (14, CAST(N'2024-08-31' AS Date), CAST(N'2024-08-31' AS Date), 1, 1, 0, 15000, 2)
INSERT [dbo].[BILL] ([IDBILL], [DATECHECKIN], [DATECHECKOUT], [IDTABLE], [STATUS], [DISCOUNT], [TOTALPRICE], [EMPLOYEEID]) VALUES (15, CAST(N'2024-08-31' AS Date), CAST(N'2024-08-31' AS Date), 1, 1, 10, 203400, 3)
INSERT [dbo].[BILL] ([IDBILL], [DATECHECKIN], [DATECHECKOUT], [IDTABLE], [STATUS], [DISCOUNT], [TOTALPRICE], [EMPLOYEEID]) VALUES (16, CAST(N'2024-08-31' AS Date), CAST(N'2024-08-31' AS Date), 3, 1, 0, 316000, 1)
INSERT [dbo].[BILL] ([IDBILL], [DATECHECKIN], [DATECHECKOUT], [IDTABLE], [STATUS], [DISCOUNT], [TOTALPRICE], [EMPLOYEEID]) VALUES (17, CAST(N'2024-08-31' AS Date), CAST(N'2024-08-31' AS Date), 1, 1, 20, 583200, 3)
INSERT [dbo].[BILL] ([IDBILL], [DATECHECKIN], [DATECHECKOUT], [IDTABLE], [STATUS], [DISCOUNT], [TOTALPRICE], [EMPLOYEEID]) VALUES (18, CAST(N'2024-08-31' AS Date), CAST(N'2024-08-31' AS Date), 2, 1, 15, 170000, 6)
INSERT [dbo].[BILL] ([IDBILL], [DATECHECKIN], [DATECHECKOUT], [IDTABLE], [STATUS], [DISCOUNT], [TOTALPRICE], [EMPLOYEEID]) VALUES (19, CAST(N'2024-08-31' AS Date), CAST(N'2024-08-31' AS Date), 9, 1, 9, 91910, 2)
INSERT [dbo].[BILL] ([IDBILL], [DATECHECKIN], [DATECHECKOUT], [IDTABLE], [STATUS], [DISCOUNT], [TOTALPRICE], [EMPLOYEEID]) VALUES (20, CAST(N'2024-08-31' AS Date), CAST(N'2024-08-31' AS Date), 5, 1, 3, 29100, 2)
INSERT [dbo].[BILL] ([IDBILL], [DATECHECKIN], [DATECHECKOUT], [IDTABLE], [STATUS], [DISCOUNT], [TOTALPRICE], [EMPLOYEEID]) VALUES (21, CAST(N'2024-09-01' AS Date), CAST(N'2024-09-10' AS Date), 1, 1, 0, 45000, 1)
INSERT [dbo].[BILL] ([IDBILL], [DATECHECKIN], [DATECHECKOUT], [IDTABLE], [STATUS], [DISCOUNT], [TOTALPRICE], [EMPLOYEEID]) VALUES (22, CAST(N'2024-09-01' AS Date), CAST(N'2024-09-01' AS Date), 8, 1, 2, 205800, 4)
INSERT [dbo].[BILL] ([IDBILL], [DATECHECKIN], [DATECHECKOUT], [IDTABLE], [STATUS], [DISCOUNT], [TOTALPRICE], [EMPLOYEEID]) VALUES (23, CAST(N'2024-09-01' AS Date), CAST(N'2025-03-16' AS Date), 9, 1, 0, 15000, 1)
INSERT [dbo].[BILL] ([IDBILL], [DATECHECKIN], [DATECHECKOUT], [IDTABLE], [STATUS], [DISCOUNT], [TOTALPRICE], [EMPLOYEEID]) VALUES (24, CAST(N'2024-09-10' AS Date), CAST(N'2024-09-10' AS Date), 18, 1, 4, 26880, 2)
INSERT [dbo].[BILL] ([IDBILL], [DATECHECKIN], [DATECHECKOUT], [IDTABLE], [STATUS], [DISCOUNT], [TOTALPRICE], [EMPLOYEEID]) VALUES (25, CAST(N'2024-09-10' AS Date), CAST(N'2024-09-10' AS Date), 15, 1, 4, 12480, 2)
INSERT [dbo].[BILL] ([IDBILL], [DATECHECKIN], [DATECHECKOUT], [IDTABLE], [STATUS], [DISCOUNT], [TOTALPRICE], [EMPLOYEEID]) VALUES (26, CAST(N'2024-09-18' AS Date), CAST(N'2024-09-18' AS Date), 1, 1, 10, 13500, 1)
INSERT [dbo].[BILL] ([IDBILL], [DATECHECKIN], [DATECHECKOUT], [IDTABLE], [STATUS], [DISCOUNT], [TOTALPRICE], [EMPLOYEEID]) VALUES (27, CAST(N'2024-09-18' AS Date), CAST(N'2024-09-18' AS Date), 3, 1, 0, 28000, 1)
INSERT [dbo].[BILL] ([IDBILL], [DATECHECKIN], [DATECHECKOUT], [IDTABLE], [STATUS], [DISCOUNT], [TOTALPRICE], [EMPLOYEEID]) VALUES (28, CAST(N'2024-09-18' AS Date), CAST(N'2024-09-18' AS Date), 1, 1, 0, 28000, 3)
INSERT [dbo].[BILL] ([IDBILL], [DATECHECKIN], [DATECHECKOUT], [IDTABLE], [STATUS], [DISCOUNT], [TOTALPRICE], [EMPLOYEEID]) VALUES (29, CAST(N'2024-09-22' AS Date), CAST(N'2024-10-04' AS Date), 1, 1, 0, 50000, 1)
INSERT [dbo].[BILL] ([IDBILL], [DATECHECKIN], [DATECHECKOUT], [IDTABLE], [STATUS], [DISCOUNT], [TOTALPRICE], [EMPLOYEEID]) VALUES (31, CAST(N'2024-10-04' AS Date), CAST(N'2024-10-04' AS Date), 1, 1, 0, 15000, 1)
INSERT [dbo].[BILL] ([IDBILL], [DATECHECKIN], [DATECHECKOUT], [IDTABLE], [STATUS], [DISCOUNT], [TOTALPRICE], [EMPLOYEEID]) VALUES (32, CAST(N'2024-10-07' AS Date), CAST(N'2024-10-07' AS Date), 1, 1, 0, 15000, 1)
INSERT [dbo].[BILL] ([IDBILL], [DATECHECKIN], [DATECHECKOUT], [IDTABLE], [STATUS], [DISCOUNT], [TOTALPRICE], [EMPLOYEEID]) VALUES (33, CAST(N'2024-10-08' AS Date), CAST(N'2024-10-08' AS Date), 1, 1, 0, 15000, 1)
INSERT [dbo].[BILL] ([IDBILL], [DATECHECKIN], [DATECHECKOUT], [IDTABLE], [STATUS], [DISCOUNT], [TOTALPRICE], [EMPLOYEEID]) VALUES (34, CAST(N'2024-10-12' AS Date), CAST(N'2024-10-23' AS Date), 1, 1, 0, 15000, 31)
INSERT [dbo].[BILL] ([IDBILL], [DATECHECKIN], [DATECHECKOUT], [IDTABLE], [STATUS], [DISCOUNT], [TOTALPRICE], [EMPLOYEEID]) VALUES (35, CAST(N'2024-12-02' AS Date), CAST(N'2024-12-02' AS Date), 1, 1, 0, 15000, 1)
INSERT [dbo].[BILL] ([IDBILL], [DATECHECKIN], [DATECHECKOUT], [IDTABLE], [STATUS], [DISCOUNT], [TOTALPRICE], [EMPLOYEEID]) VALUES (36, CAST(N'2024-12-03' AS Date), CAST(N'2024-12-03' AS Date), 1, 1, 3, 53350, 1)
INSERT [dbo].[BILL] ([IDBILL], [DATECHECKIN], [DATECHECKOUT], [IDTABLE], [STATUS], [DISCOUNT], [TOTALPRICE], [EMPLOYEEID]) VALUES (37, CAST(N'2024-12-03' AS Date), CAST(N'2025-03-16' AS Date), 2, 1, 0, 15000, 2)
INSERT [dbo].[BILL] ([IDBILL], [DATECHECKIN], [DATECHECKOUT], [IDTABLE], [STATUS], [DISCOUNT], [TOTALPRICE], [EMPLOYEEID]) VALUES (38, CAST(N'2024-12-03' AS Date), CAST(N'2024-12-03' AS Date), 6, 1, 0, 137000, 1)
INSERT [dbo].[BILL] ([IDBILL], [DATECHECKIN], [DATECHECKOUT], [IDTABLE], [STATUS], [DISCOUNT], [TOTALPRICE], [EMPLOYEEID]) VALUES (39, CAST(N'2024-12-03' AS Date), CAST(N'2024-12-03' AS Date), 3, 1, 0, 14000, 4)
INSERT [dbo].[BILL] ([IDBILL], [DATECHECKIN], [DATECHECKOUT], [IDTABLE], [STATUS], [DISCOUNT], [TOTALPRICE], [EMPLOYEEID]) VALUES (40, CAST(N'2024-12-03' AS Date), CAST(N'2024-12-03' AS Date), 17, 1, 0, 15000, 1)
INSERT [dbo].[BILL] ([IDBILL], [DATECHECKIN], [DATECHECKOUT], [IDTABLE], [STATUS], [DISCOUNT], [TOTALPRICE], [EMPLOYEEID]) VALUES (41, CAST(N'2024-12-03' AS Date), CAST(N'2024-12-03' AS Date), 21, 1, 0, 15000, 1)
INSERT [dbo].[BILL] ([IDBILL], [DATECHECKIN], [DATECHECKOUT], [IDTABLE], [STATUS], [DISCOUNT], [TOTALPRICE], [EMPLOYEEID]) VALUES (42, CAST(N'2025-03-16' AS Date), CAST(N'2025-03-16' AS Date), 1, 1, 0, 15000, 1)
INSERT [dbo].[BILL] ([IDBILL], [DATECHECKIN], [DATECHECKOUT], [IDTABLE], [STATUS], [DISCOUNT], [TOTALPRICE], [EMPLOYEEID]) VALUES (43, CAST(N'2025-03-16' AS Date), CAST(N'2025-03-16' AS Date), 2, 1, 0, 66000, 50)
INSERT [dbo].[BILL] ([IDBILL], [DATECHECKIN], [DATECHECKOUT], [IDTABLE], [STATUS], [DISCOUNT], [TOTALPRICE], [EMPLOYEEID]) VALUES (44, CAST(N'2025-03-16' AS Date), CAST(N'2025-03-16' AS Date), 3, 1, 0, 100000, 31)
INSERT [dbo].[BILL] ([IDBILL], [DATECHECKIN], [DATECHECKOUT], [IDTABLE], [STATUS], [DISCOUNT], [TOTALPRICE], [EMPLOYEEID]) VALUES (45, CAST(N'2025-03-16' AS Date), CAST(N'2025-03-16' AS Date), 4, 1, 0, 15000, 1)
INSERT [dbo].[BILL] ([IDBILL], [DATECHECKIN], [DATECHECKOUT], [IDTABLE], [STATUS], [DISCOUNT], [TOTALPRICE], [EMPLOYEEID]) VALUES (46, CAST(N'2025-03-16' AS Date), CAST(N'2025-03-16' AS Date), 4, 1, 0, 15000, 1)
INSERT [dbo].[BILL] ([IDBILL], [DATECHECKIN], [DATECHECKOUT], [IDTABLE], [STATUS], [DISCOUNT], [TOTALPRICE], [EMPLOYEEID]) VALUES (47, CAST(N'2025-03-16' AS Date), CAST(N'2025-03-16' AS Date), 6, 1, 0, 15000, 1)
INSERT [dbo].[BILL] ([IDBILL], [DATECHECKIN], [DATECHECKOUT], [IDTABLE], [STATUS], [DISCOUNT], [TOTALPRICE], [EMPLOYEEID]) VALUES (48, CAST(N'2025-03-16' AS Date), CAST(N'2025-03-16' AS Date), 11, 1, 0, 30000, 1)
INSERT [dbo].[BILL] ([IDBILL], [DATECHECKIN], [DATECHECKOUT], [IDTABLE], [STATUS], [DISCOUNT], [TOTALPRICE], [EMPLOYEEID]) VALUES (49, CAST(N'2025-03-16' AS Date), CAST(N'2025-03-16' AS Date), 9, 1, 0, 21000, 1)
INSERT [dbo].[BILL] ([IDBILL], [DATECHECKIN], [DATECHECKOUT], [IDTABLE], [STATUS], [DISCOUNT], [TOTALPRICE], [EMPLOYEEID]) VALUES (50, CAST(N'2025-03-16' AS Date), CAST(N'2025-03-16' AS Date), 12, 1, 0, 44000, 1)
INSERT [dbo].[BILL] ([IDBILL], [DATECHECKIN], [DATECHECKOUT], [IDTABLE], [STATUS], [DISCOUNT], [TOTALPRICE], [EMPLOYEEID]) VALUES (51, CAST(N'2025-03-17' AS Date), CAST(N'2025-03-26' AS Date), 1, 1, 0, 30000, 1)
INSERT [dbo].[BILL] ([IDBILL], [DATECHECKIN], [DATECHECKOUT], [IDTABLE], [STATUS], [DISCOUNT], [TOTALPRICE], [EMPLOYEEID]) VALUES (52, CAST(N'2025-04-21' AS Date), CAST(N'2025-04-21' AS Date), 1, 1, 0, 15000, 1)
INSERT [dbo].[BILL] ([IDBILL], [DATECHECKIN], [DATECHECKOUT], [IDTABLE], [STATUS], [DISCOUNT], [TOTALPRICE], [EMPLOYEEID]) VALUES (53, CAST(N'2025-04-21' AS Date), CAST(N'2025-04-21' AS Date), 1, 1, 0, 29000, 1)
INSERT [dbo].[BILL] ([IDBILL], [DATECHECKIN], [DATECHECKOUT], [IDTABLE], [STATUS], [DISCOUNT], [TOTALPRICE], [EMPLOYEEID]) VALUES (54, CAST(N'2025-05-26' AS Date), CAST(N'2025-05-26' AS Date), 1, 1, 0, 15000, 1)
INSERT [dbo].[BILL] ([IDBILL], [DATECHECKIN], [DATECHECKOUT], [IDTABLE], [STATUS], [DISCOUNT], [TOTALPRICE], [EMPLOYEEID]) VALUES (55, CAST(N'2025-05-26' AS Date), CAST(N'2025-05-26' AS Date), 2, 1, 0, 15000, 1)
SET IDENTITY_INSERT [dbo].[BILL] OFF
GO
SET IDENTITY_INSERT [dbo].[BILLINFO] ON 

INSERT [dbo].[BILLINFO] ([ID], [IDBILL], [IDFOOD], [COUNT]) VALUES (1, 1, 1, 1)
INSERT [dbo].[BILLINFO] ([ID], [IDBILL], [IDFOOD], [COUNT]) VALUES (2, 1, 11, 1)
INSERT [dbo].[BILLINFO] ([ID], [IDBILL], [IDFOOD], [COUNT]) VALUES (3, 1, 41, 1)
INSERT [dbo].[BILLINFO] ([ID], [IDBILL], [IDFOOD], [COUNT]) VALUES (4, 2, 1, 1)
INSERT [dbo].[BILLINFO] ([ID], [IDBILL], [IDFOOD], [COUNT]) VALUES (5, 3, 41, 1)
INSERT [dbo].[BILLINFO] ([ID], [IDBILL], [IDFOOD], [COUNT]) VALUES (6, 4, 26, 1)
INSERT [dbo].[BILLINFO] ([ID], [IDBILL], [IDFOOD], [COUNT]) VALUES (7, 6, 15, 1)
INSERT [dbo].[BILLINFO] ([ID], [IDBILL], [IDFOOD], [COUNT]) VALUES (9, 6, 35, 1)
INSERT [dbo].[BILLINFO] ([ID], [IDBILL], [IDFOOD], [COUNT]) VALUES (10, 7, 1, 2)
INSERT [dbo].[BILLINFO] ([ID], [IDBILL], [IDFOOD], [COUNT]) VALUES (11, 7, 21, 1)
INSERT [dbo].[BILLINFO] ([ID], [IDBILL], [IDFOOD], [COUNT]) VALUES (12, 8, 1, 1)
INSERT [dbo].[BILLINFO] ([ID], [IDBILL], [IDFOOD], [COUNT]) VALUES (13, 9, 1, 1)
INSERT [dbo].[BILLINFO] ([ID], [IDBILL], [IDFOOD], [COUNT]) VALUES (14, 10, 1, 1)
INSERT [dbo].[BILLINFO] ([ID], [IDBILL], [IDFOOD], [COUNT]) VALUES (15, 10, 21, 2)
INSERT [dbo].[BILLINFO] ([ID], [IDBILL], [IDFOOD], [COUNT]) VALUES (16, 11, 1, 1)
INSERT [dbo].[BILLINFO] ([ID], [IDBILL], [IDFOOD], [COUNT]) VALUES (17, 12, 1, 1)
INSERT [dbo].[BILLINFO] ([ID], [IDBILL], [IDFOOD], [COUNT]) VALUES (18, 13, 1, 1)
INSERT [dbo].[BILLINFO] ([ID], [IDBILL], [IDFOOD], [COUNT]) VALUES (19, 14, 1, 1)
INSERT [dbo].[BILLINFO] ([ID], [IDBILL], [IDFOOD], [COUNT]) VALUES (20, 15, 1, 1)
INSERT [dbo].[BILLINFO] ([ID], [IDBILL], [IDFOOD], [COUNT]) VALUES (21, 15, 41, 1)
INSERT [dbo].[BILLINFO] ([ID], [IDBILL], [IDFOOD], [COUNT]) VALUES (22, 15, 4, 1)
INSERT [dbo].[BILLINFO] ([ID], [IDBILL], [IDFOOD], [COUNT]) VALUES (23, 15, 8, 8)
INSERT [dbo].[BILLINFO] ([ID], [IDBILL], [IDFOOD], [COUNT]) VALUES (24, 16, 1, 1)
INSERT [dbo].[BILLINFO] ([ID], [IDBILL], [IDFOOD], [COUNT]) VALUES (25, 16, 41, 11)
INSERT [dbo].[BILLINFO] ([ID], [IDBILL], [IDFOOD], [COUNT]) VALUES (26, 16, 5, 5)
INSERT [dbo].[BILLINFO] ([ID], [IDBILL], [IDFOOD], [COUNT]) VALUES (27, 17, 1, 1)
INSERT [dbo].[BILLINFO] ([ID], [IDBILL], [IDFOOD], [COUNT]) VALUES (28, 18, 5, 1)
INSERT [dbo].[BILLINFO] ([ID], [IDBILL], [IDFOOD], [COUNT]) VALUES (29, 18, 7, 1)
INSERT [dbo].[BILLINFO] ([ID], [IDBILL], [IDFOOD], [COUNT]) VALUES (30, 18, 9, 1)
INSERT [dbo].[BILLINFO] ([ID], [IDBILL], [IDFOOD], [COUNT]) VALUES (31, 18, 1, 7)
INSERT [dbo].[BILLINFO] ([ID], [IDBILL], [IDFOOD], [COUNT]) VALUES (32, 17, 21, 1)
INSERT [dbo].[BILLINFO] ([ID], [IDBILL], [IDFOOD], [COUNT]) VALUES (33, 17, 9, 14)
INSERT [dbo].[BILLINFO] ([ID], [IDBILL], [IDFOOD], [COUNT]) VALUES (34, 19, 10, 1)
INSERT [dbo].[BILLINFO] ([ID], [IDBILL], [IDFOOD], [COUNT]) VALUES (35, 19, 30, 1)
INSERT [dbo].[BILLINFO] ([ID], [IDBILL], [IDFOOD], [COUNT]) VALUES (36, 19, 35, 1)
INSERT [dbo].[BILLINFO] ([ID], [IDBILL], [IDFOOD], [COUNT]) VALUES (37, 19, 46, 1)
INSERT [dbo].[BILLINFO] ([ID], [IDBILL], [IDFOOD], [COUNT]) VALUES (38, 19, 26, 1)
INSERT [dbo].[BILLINFO] ([ID], [IDBILL], [IDFOOD], [COUNT]) VALUES (39, 19, 6, 3)
INSERT [dbo].[BILLINFO] ([ID], [IDBILL], [IDFOOD], [COUNT]) VALUES (40, 20, 1, 1)
INSERT [dbo].[BILLINFO] ([ID], [IDBILL], [IDFOOD], [COUNT]) VALUES (41, 20, 11, 1)
INSERT [dbo].[BILLINFO] ([ID], [IDBILL], [IDFOOD], [COUNT]) VALUES (42, 21, 3, 1)
INSERT [dbo].[BILLINFO] ([ID], [IDBILL], [IDFOOD], [COUNT]) VALUES (43, 21, 13, 1)
INSERT [dbo].[BILLINFO] ([ID], [IDBILL], [IDFOOD], [COUNT]) VALUES (44, 5, 28, 1)
INSERT [dbo].[BILLINFO] ([ID], [IDBILL], [IDFOOD], [COUNT]) VALUES (45, 5, 38, 1)
INSERT [dbo].[BILLINFO] ([ID], [IDBILL], [IDFOOD], [COUNT]) VALUES (47, 22, 2, 6)
INSERT [dbo].[BILLINFO] ([ID], [IDBILL], [IDFOOD], [COUNT]) VALUES (48, 22, 10, 6)
INSERT [dbo].[BILLINFO] ([ID], [IDBILL], [IDFOOD], [COUNT]) VALUES (49, 24, 1, 1)
INSERT [dbo].[BILLINFO] ([ID], [IDBILL], [IDFOOD], [COUNT]) VALUES (50, 24, 31, 1)
INSERT [dbo].[BILLINFO] ([ID], [IDBILL], [IDFOOD], [COUNT]) VALUES (51, 25, 31, 1)
INSERT [dbo].[BILLINFO] ([ID], [IDBILL], [IDFOOD], [COUNT]) VALUES (52, 26, 1, 1)
INSERT [dbo].[BILLINFO] ([ID], [IDBILL], [IDFOOD], [COUNT]) VALUES (53, 27, 1, 1)
INSERT [dbo].[BILLINFO] ([ID], [IDBILL], [IDFOOD], [COUNT]) VALUES (54, 27, 31, 1)
INSERT [dbo].[BILLINFO] ([ID], [IDBILL], [IDFOOD], [COUNT]) VALUES (55, 28, 1, 1)
INSERT [dbo].[BILLINFO] ([ID], [IDBILL], [IDFOOD], [COUNT]) VALUES (56, 28, 31, 1)
INSERT [dbo].[BILLINFO] ([ID], [IDBILL], [IDFOOD], [COUNT]) VALUES (57, 29, 1, 2)
INSERT [dbo].[BILLINFO] ([ID], [IDBILL], [IDFOOD], [COUNT]) VALUES (59, 29, 3, 1)
INSERT [dbo].[BILLINFO] ([ID], [IDBILL], [IDFOOD], [COUNT]) VALUES (60, 31, 1, 1)
INSERT [dbo].[BILLINFO] ([ID], [IDBILL], [IDFOOD], [COUNT]) VALUES (61, 32, 1, 1)
INSERT [dbo].[BILLINFO] ([ID], [IDBILL], [IDFOOD], [COUNT]) VALUES (62, 33, 1, 1)
INSERT [dbo].[BILLINFO] ([ID], [IDBILL], [IDFOOD], [COUNT]) VALUES (63, 34, 1, 1)
INSERT [dbo].[BILLINFO] ([ID], [IDBILL], [IDFOOD], [COUNT]) VALUES (64, 35, 1, 1)
INSERT [dbo].[BILLINFO] ([ID], [IDBILL], [IDFOOD], [COUNT]) VALUES (66, 36, 2, 1)
INSERT [dbo].[BILLINFO] ([ID], [IDBILL], [IDFOOD], [COUNT]) VALUES (67, 36, 60, 2)
INSERT [dbo].[BILLINFO] ([ID], [IDBILL], [IDFOOD], [COUNT]) VALUES (68, 38, 28, 3)
INSERT [dbo].[BILLINFO] ([ID], [IDBILL], [IDFOOD], [COUNT]) VALUES (69, 38, 15, 4)
INSERT [dbo].[BILLINFO] ([ID], [IDBILL], [IDFOOD], [COUNT]) VALUES (70, 39, 21, 1)
INSERT [dbo].[BILLINFO] ([ID], [IDBILL], [IDFOOD], [COUNT]) VALUES (71, 40, 1, 1)
INSERT [dbo].[BILLINFO] ([ID], [IDBILL], [IDFOOD], [COUNT]) VALUES (72, 41, 1, 1)
INSERT [dbo].[BILLINFO] ([ID], [IDBILL], [IDFOOD], [COUNT]) VALUES (73, 42, 1, 1)
INSERT [dbo].[BILLINFO] ([ID], [IDBILL], [IDFOOD], [COUNT]) VALUES (74, 37, 1, 1)
INSERT [dbo].[BILLINFO] ([ID], [IDBILL], [IDFOOD], [COUNT]) VALUES (75, 43, 25, 3)
INSERT [dbo].[BILLINFO] ([ID], [IDBILL], [IDFOOD], [COUNT]) VALUES (76, 44, 7, 5)
INSERT [dbo].[BILLINFO] ([ID], [IDBILL], [IDFOOD], [COUNT]) VALUES (77, 45, 1, 1)
INSERT [dbo].[BILLINFO] ([ID], [IDBILL], [IDFOOD], [COUNT]) VALUES (78, 46, 1, 1)
INSERT [dbo].[BILLINFO] ([ID], [IDBILL], [IDFOOD], [COUNT]) VALUES (79, 23, 1, 1)
INSERT [dbo].[BILLINFO] ([ID], [IDBILL], [IDFOOD], [COUNT]) VALUES (80, 47, 1, 1)
INSERT [dbo].[BILLINFO] ([ID], [IDBILL], [IDFOOD], [COUNT]) VALUES (81, 48, 1, 2)
INSERT [dbo].[BILLINFO] ([ID], [IDBILL], [IDFOOD], [COUNT]) VALUES (82, 49, 45, 1)
INSERT [dbo].[BILLINFO] ([ID], [IDBILL], [IDFOOD], [COUNT]) VALUES (83, 50, 21, 1)
INSERT [dbo].[BILLINFO] ([ID], [IDBILL], [IDFOOD], [COUNT]) VALUES (84, 50, 1, 2)
INSERT [dbo].[BILLINFO] ([ID], [IDBILL], [IDFOOD], [COUNT]) VALUES (85, 51, 1, 2)
INSERT [dbo].[BILLINFO] ([ID], [IDBILL], [IDFOOD], [COUNT]) VALUES (86, 52, 1, 1)
INSERT [dbo].[BILLINFO] ([ID], [IDBILL], [IDFOOD], [COUNT]) VALUES (87, 53, 1, 1)
INSERT [dbo].[BILLINFO] ([ID], [IDBILL], [IDFOOD], [COUNT]) VALUES (88, 53, 21, 1)
INSERT [dbo].[BILLINFO] ([ID], [IDBILL], [IDFOOD], [COUNT]) VALUES (89, 54, 1, 1)
INSERT [dbo].[BILLINFO] ([ID], [IDBILL], [IDFOOD], [COUNT]) VALUES (90, 55, 1, 1)
SET IDENTITY_INSERT [dbo].[BILLINFO] OFF
GO
SET IDENTITY_INSERT [dbo].[EMPLOYEES] ON 

INSERT [dbo].[EMPLOYEES] ([EMPLOYEEID], [FULLNAME], [GENDER], [PHONE], [EMAIL], [IMAGES], [POSITIONID], [SCHEDULEID], [COEFFICIENTSSALARY], [NUMBEROFDAYSOFFOFANEMPLOYEE], [YEAR_STARTED], [IDENTIFICATION], [ISSUING_AUTHORITY]) VALUES (1, N'Lương Duy Sơn', N'Nam', N'0375028595', N'luongson2k57@gmail.com', N'luongduyson.jpg', 1, 1, 1, 1, CAST(N'2024-06-18' AS Date), N'079203016500', N'Quận 5: 359 Trần Hưng Đạo, phường 10, quận 5.')
INSERT [dbo].[EMPLOYEES] ([EMPLOYEEID], [FULLNAME], [GENDER], [PHONE], [EMAIL], [IMAGES], [POSITIONID], [SCHEDULEID], [COEFFICIENTSSALARY], [NUMBEROFDAYSOFFOFANEMPLOYEE], [YEAR_STARTED], [IDENTIFICATION], [ISSUING_AUTHORITY]) VALUES (2, N'Xuân Boi', N'Nam', N'0933886002', N'ThuyPhong2003@gmail.com', N'anh.jpg', 2, 2, 2, 2, CAST(N'2024-06-18' AS Date), N'079203016501', N'Quận 5: 359 Trần Hưng Đạo, phường 10, quận 5.')
INSERT [dbo].[EMPLOYEES] ([EMPLOYEEID], [FULLNAME], [GENDER], [PHONE], [EMAIL], [IMAGES], [POSITIONID], [SCHEDULEID], [COEFFICIENTSSALARY], [NUMBEROFDAYSOFFOFANEMPLOYEE], [YEAR_STARTED], [IDENTIFICATION], [ISSUING_AUTHORITY]) VALUES (3, N'Bida Anh Hai', N'Nam', N'0868105691', N'AnhHai2003@gmail.com', N'anh2.jpg', 3, 3, 1, 2, CAST(N'2024-06-18' AS Date), N'079203016502', N'Quận 5: 359 Trần Hưng Đạo, phường 10, quận 5.')
INSERT [dbo].[EMPLOYEES] ([EMPLOYEEID], [FULLNAME], [GENDER], [PHONE], [EMAIL], [IMAGES], [POSITIONID], [SCHEDULEID], [COEFFICIENTSSALARY], [NUMBEROFDAYSOFFOFANEMPLOYEE], [YEAR_STARTED], [IDENTIFICATION], [ISSUING_AUTHORITY]) VALUES (4, N'Lê Tâm Đắc', N'Nam', N'0123456781', N'letamdac@gmail.com', N'anh3.jpg', 3, 3, 1, 0, CAST(N'2024-06-18' AS Date), N'079203016503', N'Quận 5: 359 Trần Hưng Đạo, phường 10, quận 5.')
INSERT [dbo].[EMPLOYEES] ([EMPLOYEEID], [FULLNAME], [GENDER], [PHONE], [EMAIL], [IMAGES], [POSITIONID], [SCHEDULEID], [COEFFICIENTSSALARY], [NUMBEROFDAYSOFFOFANEMPLOYEE], [YEAR_STARTED], [IDENTIFICATION], [ISSUING_AUTHORITY]) VALUES (5, N'Nguyễn Văn A', N'Nam', N'0901237009', N'TrungNghia2003@gmail.com', N'anh4.jpg', 2, 2, 2, 0, CAST(N'2024-06-18' AS Date), N'079203016504', N'Quận 5: 359 Trần Hưng Đạo, phường 10, quận 5.')
INSERT [dbo].[EMPLOYEES] ([EMPLOYEEID], [FULLNAME], [GENDER], [PHONE], [EMAIL], [IMAGES], [POSITIONID], [SCHEDULEID], [COEFFICIENTSSALARY], [NUMBEROFDAYSOFFOFANEMPLOYEE], [YEAR_STARTED], [IDENTIFICATION], [ISSUING_AUTHORITY]) VALUES (6, N'Nguyễn Đoàn Khánh Linh', N'Nữ', N'12345678912', N'KhanhLinh2003@gmail.com', N'anh5.jpg', 3, 1, 1, 3, CAST(N'2024-06-18' AS Date), N'079203016505', N'Quận 5: 359 Trần Hưng Đạo, phường 10, quận 5.')
INSERT [dbo].[EMPLOYEES] ([EMPLOYEEID], [FULLNAME], [GENDER], [PHONE], [EMAIL], [IMAGES], [POSITIONID], [SCHEDULEID], [COEFFICIENTSSALARY], [NUMBEROFDAYSOFFOFANEMPLOYEE], [YEAR_STARTED], [IDENTIFICATION], [ISSUING_AUTHORITY]) VALUES (31, N'Lê Hoàng Lan', N'Nữ', N'0786505911', N'MiLan@gmail.com', N'anh6.jpg', 1, 1, 1, 1, CAST(N'2024-06-18' AS Date), N'079203016506', N'Quận 5: 359 Trần Hưng Đạo, phường 10, quận 5.')
INSERT [dbo].[EMPLOYEES] ([EMPLOYEEID], [FULLNAME], [GENDER], [PHONE], [EMAIL], [IMAGES], [POSITIONID], [SCHEDULEID], [COEFFICIENTSSALARY], [NUMBEROFDAYSOFFOFANEMPLOYEE], [YEAR_STARTED], [IDENTIFICATION], [ISSUING_AUTHORITY]) VALUES (32, N'Ngô Thị Mỹ Huyền', N'Nữ', N'0908548320', N'MyHuyen2003@gmail.com', N'anh7.jpg', 1, 1, 1, 0, CAST(N'2024-10-12' AS Date), N'079203016507', N'Quận 5: 359 Trần Hưng Đạo, phường 10, quận 5.')
INSERT [dbo].[EMPLOYEES] ([EMPLOYEEID], [FULLNAME], [GENDER], [PHONE], [EMAIL], [IMAGES], [POSITIONID], [SCHEDULEID], [COEFFICIENTSSALARY], [NUMBEROFDAYSOFFOFANEMPLOYEE], [YEAR_STARTED], [IDENTIFICATION], [ISSUING_AUTHORITY]) VALUES (35, N'Nguyễn Thị Thu Thảo', N'Nữ', N'0984521763', N'ThuThao2002@gmail.com', N'anh8.jpg', 1, 1, 0, 0, CAST(N'2024-10-15' AS Date), N'079203016508', N'Quận 5: 359 Trần Hưng Đạo, phường 10, quận 5.')
INSERT [dbo].[EMPLOYEES] ([EMPLOYEEID], [FULLNAME], [GENDER], [PHONE], [EMAIL], [IMAGES], [POSITIONID], [SCHEDULEID], [COEFFICIENTSSALARY], [NUMBEROFDAYSOFFOFANEMPLOYEE], [YEAR_STARTED], [IDENTIFICATION], [ISSUING_AUTHORITY]) VALUES (39, N'Đặng Võ Quyết Thắng', N'Nam', N'934770914', N'ThangDe2003@gmail.com', N'anh9.jpg', 1, 1, 1, 1, CAST(N'2024-10-16' AS Date), N'079203016509', N'Quận 5: 359 Trần Hưng Đạo, phường 10, quận 5.')
INSERT [dbo].[EMPLOYEES] ([EMPLOYEEID], [FULLNAME], [GENDER], [PHONE], [EMAIL], [IMAGES], [POSITIONID], [SCHEDULEID], [COEFFICIENTSSALARY], [NUMBEROFDAYSOFFOFANEMPLOYEE], [YEAR_STARTED], [IDENTIFICATION], [ISSUING_AUTHORITY]) VALUES (40, N'Huỳnh Công Huy', N'Nam', N'0917570175', N'huynhcongh5@gmail.com', N'anh10.jpg', 3, 3, 1, 0, CAST(N'2024-10-19' AS Date), N'079203016510', N'Quận 5: 359 Trần Hưng Đạo, phường 10, quận 5.')
INSERT [dbo].[EMPLOYEES] ([EMPLOYEEID], [FULLNAME], [GENDER], [PHONE], [EMAIL], [IMAGES], [POSITIONID], [SCHEDULEID], [COEFFICIENTSSALARY], [NUMBEROFDAYSOFFOFANEMPLOYEE], [YEAR_STARTED], [IDENTIFICATION], [ISSUING_AUTHORITY]) VALUES (50, N'Nguyễn Quốc Tiến', N'Nam', N'0123456789', N'Tien@gmail.com', N'anh11.jpg', 1, 1, 1, 0, CAST(N'2024-12-03' AS Date), N'1100284829', N'1. Huyện Bình Chánh: D1/28 Đinh Đức Thiện, xã Bình Chánh, huyện Bình Chánh.')
INSERT [dbo].[EMPLOYEES] ([EMPLOYEEID], [FULLNAME], [GENDER], [PHONE], [EMAIL], [IMAGES], [POSITIONID], [SCHEDULEID], [COEFFICIENTSSALARY], [NUMBEROFDAYSOFFOFANEMPLOYEE], [YEAR_STARTED], [IDENTIFICATION], [ISSUING_AUTHORITY]) VALUES (51, N'Lương Hoàng Tiến', N'Nam', N'29384986104', N'HoangTien@gmail.com', N'anh12.jpg', 2, 2, 1, 0, CAST(N'2024-12-03' AS Date), N'58374728845', N'3. Huyện Củ Chi: Khu phố 5, Thị trấn Củ Chi, huyện Củ Chi.')
SET IDENTITY_INSERT [dbo].[EMPLOYEES] OFF
GO
SET IDENTITY_INSERT [dbo].[FOOD] ON 

INSERT [dbo].[FOOD] ([IDFOOD], [NAME], [IDCATEGORY], [PRICE], [IMAGES], [INVENTORY], [UNIT]) VALUES (1, N'Coca Cola', 1, 15000, N'CocaCola.jpg', 50, N'Lon')
INSERT [dbo].[FOOD] ([IDFOOD], [NAME], [IDCATEGORY], [PRICE], [IMAGES], [INVENTORY], [UNIT]) VALUES (2, N'Americano', 2, 25000, N'Americano.jpg', 100, N'Ly')
INSERT [dbo].[FOOD] ([IDFOOD], [NAME], [IDCATEGORY], [PRICE], [IMAGES], [INVENTORY], [UNIT]) VALUES (3, N'Trà Lipton', 3, 20000, N'TraLipton.jpg', 100, N'Ly')
INSERT [dbo].[FOOD] ([IDFOOD], [NAME], [IDCATEGORY], [PRICE], [IMAGES], [INVENTORY], [UNIT]) VALUES (4, N'Sinh Tố Bơ', 4, 35000, N'SinhToBo.jpg', 100, N'Ly')
INSERT [dbo].[FOOD] ([IDFOOD], [NAME], [IDCATEGORY], [PRICE], [IMAGES], [INVENTORY], [UNIT]) VALUES (5, N'Nước Ép Dừa', 5, 25000, N'NuocEpDua.jpg', 100, N'Ly')
INSERT [dbo].[FOOD] ([IDFOOD], [NAME], [IDCATEGORY], [PRICE], [IMAGES], [INVENTORY], [UNIT]) VALUES (6, N'Sữa Đặc', 6, 10000, N'SuaDac.jpg', 100, N'Ly')
INSERT [dbo].[FOOD] ([IDFOOD], [NAME], [IDCATEGORY], [PRICE], [IMAGES], [INVENTORY], [UNIT]) VALUES (7, N'Soda Chanh', 7, 20000, N'SodaChanh.jpg', 100, N'Lon')
INSERT [dbo].[FOOD] ([IDFOOD], [NAME], [IDCATEGORY], [PRICE], [IMAGES], [INVENTORY], [UNIT]) VALUES (8, N'Bia Hà Nội', 8, 20000, N'BiaHaNoi.jpg', 100, N'Lon')
INSERT [dbo].[FOOD] ([IDFOOD], [NAME], [IDCATEGORY], [PRICE], [IMAGES], [INVENTORY], [UNIT]) VALUES (9, N'Rượu Vang', 9, 50000, N'RuouVang.jpg', 50, N'Chai')
INSERT [dbo].[FOOD] ([IDFOOD], [NAME], [IDCATEGORY], [PRICE], [IMAGES], [INVENTORY], [UNIT]) VALUES (10, N'Nước Suối Lavie', 10, 10000, N'NuocSuoiLavie.jpg', 100, N'Chai')
INSERT [dbo].[FOOD] ([IDFOOD], [NAME], [IDCATEGORY], [PRICE], [IMAGES], [INVENTORY], [UNIT]) VALUES (11, N'Pepsi', 1, 15000, N'Pepsi.jpg', 50, N'Lon')
INSERT [dbo].[FOOD] ([IDFOOD], [NAME], [IDCATEGORY], [PRICE], [IMAGES], [INVENTORY], [UNIT]) VALUES (12, N'Espresso', 2, 30000, N'Espresso.jpg', 100, N'Ly')
INSERT [dbo].[FOOD] ([IDFOOD], [NAME], [IDCATEGORY], [PRICE], [IMAGES], [INVENTORY], [UNIT]) VALUES (13, N'Trà Oolong', 3, 25000, N'TraOolong.jpg', 100, N'Ly')
INSERT [dbo].[FOOD] ([IDFOOD], [NAME], [IDCATEGORY], [PRICE], [IMAGES], [INVENTORY], [UNIT]) VALUES (14, N'Sinh Tố Dưa Hấu', 4, 30000, N'SinhToDuaHau.jpg', 100, N'Ly')
INSERT [dbo].[FOOD] ([IDFOOD], [NAME], [IDCATEGORY], [PRICE], [IMAGES], [INVENTORY], [UNIT]) VALUES (15, N'Nước Cam Ép', 5, 20000, N'NuocCamEp.jpg', 100, N'Ly')
INSERT [dbo].[FOOD] ([IDFOOD], [NAME], [IDCATEGORY], [PRICE], [IMAGES], [INVENTORY], [UNIT]) VALUES (16, N'Sữa Tươi', 6, 15000, N'SuaTuoi.jpg', 100, N'Ly')
INSERT [dbo].[FOOD] ([IDFOOD], [NAME], [IDCATEGORY], [PRICE], [IMAGES], [INVENTORY], [UNIT]) VALUES (17, N'Soda Cam', 7, 25000, N'SodaCam.jpg', 100, N'Lon')
INSERT [dbo].[FOOD] ([IDFOOD], [NAME], [IDCATEGORY], [PRICE], [IMAGES], [INVENTORY], [UNIT]) VALUES (18, N'Bia Sài Gòn', 8, 18000, N'BiaSaiGon.jpg', 5, N'Lon')
INSERT [dbo].[FOOD] ([IDFOOD], [NAME], [IDCATEGORY], [PRICE], [IMAGES], [INVENTORY], [UNIT]) VALUES (19, N'Rượu Whiskey', 9, 60000, N'RuouWhiskey.jpg', 50, N'Chai')
INSERT [dbo].[FOOD] ([IDFOOD], [NAME], [IDCATEGORY], [PRICE], [IMAGES], [INVENTORY], [UNIT]) VALUES (20, N'Nước Suối Aquafina', 10, 12000, N'NuocSuoiAquafina.jpg', 100, N'Chai')
INSERT [dbo].[FOOD] ([IDFOOD], [NAME], [IDCATEGORY], [PRICE], [IMAGES], [INVENTORY], [UNIT]) VALUES (21, N'Fanta', 1, 14000, N'Fanta.jpg', 50, N'Lon')
INSERT [dbo].[FOOD] ([IDFOOD], [NAME], [IDCATEGORY], [PRICE], [IMAGES], [INVENTORY], [UNIT]) VALUES (22, N'Cappuccino', 2, 28000, N'Cappuccino.jpg', 100, N'Ly')
INSERT [dbo].[FOOD] ([IDFOOD], [NAME], [IDCATEGORY], [PRICE], [IMAGES], [INVENTORY], [UNIT]) VALUES (23, N'Trà Đen', 3, 18000, N'TraDen.jpg', 100, N'Ly')
INSERT [dbo].[FOOD] ([IDFOOD], [NAME], [IDCATEGORY], [PRICE], [IMAGES], [INVENTORY], [UNIT]) VALUES (24, N'Sinh Tố Xoài', 4, 32000, N'SinhToXoai.jpg', 100, N'Ly')
INSERT [dbo].[FOOD] ([IDFOOD], [NAME], [IDCATEGORY], [PRICE], [IMAGES], [INVENTORY], [UNIT]) VALUES (25, N'Nước Lựu Ép', 5, 22000, N'NuocLuuEp.jpg', 100, N'Ly')
INSERT [dbo].[FOOD] ([IDFOOD], [NAME], [IDCATEGORY], [PRICE], [IMAGES], [INVENTORY], [UNIT]) VALUES (26, N'Sữa Chua', 6, 12000, N'SuaChua.jpg', 100, N'Ly')
INSERT [dbo].[FOOD] ([IDFOOD], [NAME], [IDCATEGORY], [PRICE], [IMAGES], [INVENTORY], [UNIT]) VALUES (27, N'Soda Xoài', 7, 23000, N'SodaXoai.jpg', 100, N'Lon')
INSERT [dbo].[FOOD] ([IDFOOD], [NAME], [IDCATEGORY], [PRICE], [IMAGES], [INVENTORY], [UNIT]) VALUES (28, N'Bia 333', 8, 19000, N'Bia333.jpg', 100, N'Lon')
INSERT [dbo].[FOOD] ([IDFOOD], [NAME], [IDCATEGORY], [PRICE], [IMAGES], [INVENTORY], [UNIT]) VALUES (29, N'Rượu Vodka', 9, 55000, N'RuouVodka.jpg', 50, N'Chai')
INSERT [dbo].[FOOD] ([IDFOOD], [NAME], [IDCATEGORY], [PRICE], [IMAGES], [INVENTORY], [UNIT]) VALUES (30, N'Nước Suối Dasani', 10, 11000, N'NuocSuoiDasani.jpg', 100, N'Chai')
INSERT [dbo].[FOOD] ([IDFOOD], [NAME], [IDCATEGORY], [PRICE], [IMAGES], [INVENTORY], [UNIT]) VALUES (31, N'Sprite', 1, 13000, N'Sprite.jpg', 50, N'Lon')
INSERT [dbo].[FOOD] ([IDFOOD], [NAME], [IDCATEGORY], [PRICE], [IMAGES], [INVENTORY], [UNIT]) VALUES (32, N'Latte', 2, 27000, N'Latte.jpg', 100, N'Ly')
INSERT [dbo].[FOOD] ([IDFOOD], [NAME], [IDCATEGORY], [PRICE], [IMAGES], [INVENTORY], [UNIT]) VALUES (33, N'Trà Chanh', 3, 19000, N'TraChanh.jpg', 100, N'Ly')
INSERT [dbo].[FOOD] ([IDFOOD], [NAME], [IDCATEGORY], [PRICE], [IMAGES], [INVENTORY], [UNIT]) VALUES (34, N'Sinh Tố Dâu', 4, 30000, N'SinhToDau.jpg', 100, N'Ly')
INSERT [dbo].[FOOD] ([IDFOOD], [NAME], [IDCATEGORY], [PRICE], [IMAGES], [INVENTORY], [UNIT]) VALUES (35, N'Nước Dừa Mát', 5, 24000, N'NuocDuaMat.jpg', 100, N'Ly')
INSERT [dbo].[FOOD] ([IDFOOD], [NAME], [IDCATEGORY], [PRICE], [IMAGES], [INVENTORY], [UNIT]) VALUES (36, N'Sữa Dừa', 6, 13000, N'SuaDua.jpg', 100, N'Ly')
INSERT [dbo].[FOOD] ([IDFOOD], [NAME], [IDCATEGORY], [PRICE], [IMAGES], [INVENTORY], [UNIT]) VALUES (37, N'Soda Dưa Hấu', 7, 22000, N'SodaDuaHau.jpg', 100, N'Lon')
INSERT [dbo].[FOOD] ([IDFOOD], [NAME], [IDCATEGORY], [PRICE], [IMAGES], [INVENTORY], [UNIT]) VALUES (38, N'Bia Heineken', 8, 22000, N'BiaHeineken.jpg', 100, N'Lon')
INSERT [dbo].[FOOD] ([IDFOOD], [NAME], [IDCATEGORY], [PRICE], [IMAGES], [INVENTORY], [UNIT]) VALUES (39, N'Rượu Rum', 9, 58000, N'RuouRum.jpg', 50, N'Chai')
INSERT [dbo].[FOOD] ([IDFOOD], [NAME], [IDCATEGORY], [PRICE], [IMAGES], [INVENTORY], [UNIT]) VALUES (40, N'Nước Suối Vinh Hảo', 10, 13000, N'NuocSuoiVinhHao.jpg', 100, N'Chai')
INSERT [dbo].[FOOD] ([IDFOOD], [NAME], [IDCATEGORY], [PRICE], [IMAGES], [INVENTORY], [UNIT]) VALUES (41, N'Mirinda', 1, 16000, N'Mirinda.jpg', 50, N'Lon')
INSERT [dbo].[FOOD] ([IDFOOD], [NAME], [IDCATEGORY], [PRICE], [IMAGES], [INVENTORY], [UNIT]) VALUES (42, N'Mocha', 2, 29000, N'Mocha.jpg', 100, N'Ly')
INSERT [dbo].[FOOD] ([IDFOOD], [NAME], [IDCATEGORY], [PRICE], [IMAGES], [INVENTORY], [UNIT]) VALUES (43, N'Trà Xanh', 3, 17000, N'TraXanh.jpg', 100, N'Ly')
INSERT [dbo].[FOOD] ([IDFOOD], [NAME], [IDCATEGORY], [PRICE], [IMAGES], [INVENTORY], [UNIT]) VALUES (44, N'Sinh Tố Chuối', 4, 28000, N'SinhToChuoi.jpg', 100, N'Ly')
INSERT [dbo].[FOOD] ([IDFOOD], [NAME], [IDCATEGORY], [PRICE], [IMAGES], [INVENTORY], [UNIT]) VALUES (45, N'Nước Mâm Xôi', 5, 21000, N'NuocMamXoi.jpg', 100, N'Ly')
INSERT [dbo].[FOOD] ([IDFOOD], [NAME], [IDCATEGORY], [PRICE], [IMAGES], [INVENTORY], [UNIT]) VALUES (46, N'Sữa Đậu Nành', 6, 14000, N'SuaDauNanh.jpg', 100, N'Ly')
INSERT [dbo].[FOOD] ([IDFOOD], [NAME], [IDCATEGORY], [PRICE], [IMAGES], [INVENTORY], [UNIT]) VALUES (47, N'Soda Việt Quất', 7, 21000, N'SodaVietQuat.jpg', 100, N'Lon')
INSERT [dbo].[FOOD] ([IDFOOD], [NAME], [IDCATEGORY], [PRICE], [IMAGES], [INVENTORY], [UNIT]) VALUES (48, N'Bia Tiger', 8, 20000, N'BiaTiger.jpg', 100, N'Lon')
INSERT [dbo].[FOOD] ([IDFOOD], [NAME], [IDCATEGORY], [PRICE], [IMAGES], [INVENTORY], [UNIT]) VALUES (49, N'Rượu Tequila', 9, 65000, N'RuouTequila.jpg', 50, N'Chai')
INSERT [dbo].[FOOD] ([IDFOOD], [NAME], [IDCATEGORY], [PRICE], [IMAGES], [INVENTORY], [UNIT]) VALUES (50, N'Nước Suối Ivi', 10, 14000, N'NuocSuoiIvi.jpg', 100, N'Chai')
INSERT [dbo].[FOOD] ([IDFOOD], [NAME], [IDCATEGORY], [PRICE], [IMAGES], [INVENTORY], [UNIT]) VALUES (60, N'Bạc xỉu đá', 2, 15000, N'BacXiuDa.jpg', 100, N'Ly')

SET IDENTITY_INSERT [dbo].[FOOD] OFF
GO
SET IDENTITY_INSERT [dbo].[FOODCATEGORY] ON 

INSERT [dbo].[FOODCATEGORY] ([IDCATEGORY], [NAME]) VALUES (1, N'Nước Ngọt')
INSERT [dbo].[FOODCATEGORY] ([IDCATEGORY], [NAME]) VALUES (2, N'Cà Phê')
INSERT [dbo].[FOODCATEGORY] ([IDCATEGORY], [NAME]) VALUES (3, N'Trà')
INSERT [dbo].[FOODCATEGORY] ([IDCATEGORY], [NAME]) VALUES (4, N'Sinh Tố')
INSERT [dbo].[FOODCATEGORY] ([IDCATEGORY], [NAME]) VALUES (5, N'Nước Ép')
INSERT [dbo].[FOODCATEGORY] ([IDCATEGORY], [NAME]) VALUES (6, N'Sữa')
INSERT [dbo].[FOODCATEGORY] ([IDCATEGORY], [NAME]) VALUES (7, N'Soda')
INSERT [dbo].[FOODCATEGORY] ([IDCATEGORY], [NAME]) VALUES (8, N'Bia')
INSERT [dbo].[FOODCATEGORY] ([IDCATEGORY], [NAME]) VALUES (9, N'Rượu')
INSERT [dbo].[FOODCATEGORY] ([IDCATEGORY], [NAME]) VALUES (10, N'Nước Suối')
SET IDENTITY_INSERT [dbo].[FOODCATEGORY] OFF
GO
SET IDENTITY_INSERT [dbo].[POSITIONS] ON 

INSERT [dbo].[POSITIONS] ([POSITIONID], [POSITIONNAME]) VALUES (1, N'Quản lý')
INSERT [dbo].[POSITIONS] ([POSITIONID], [POSITIONNAME]) VALUES (2, N'Nhân viên pha chế')
INSERT [dbo].[POSITIONS] ([POSITIONID], [POSITIONNAME]) VALUES (3, N'Nhân viên phục vụ')
SET IDENTITY_INSERT [dbo].[POSITIONS] OFF
GO
SET IDENTITY_INSERT [dbo].[SCHEDULE_CHANGES] ON 

INSERT [dbo].[SCHEDULE_CHANGES] ([CHANGE_ID], [EMPLOYEEID], [OLD_SCHEDULEID], [NEW_SCHEDULEID], [CHANGE_DATE], [STATUS], [REASON], [REQUESTED_AT], [APPROVED_BY], [APPROVED_AT]) VALUES (12, 32, 1, NULL, CAST(N'2025-03-18' AS Date), N'Xin nghỉ phép', N'Hôm nay bị bệnh nghỉ phép có được ko!', CAST(N'2025-03-18T16:09:08.167' AS DateTime), NULL, NULL)
INSERT [dbo].[SCHEDULE_CHANGES] ([CHANGE_ID], [EMPLOYEEID], [OLD_SCHEDULEID], [NEW_SCHEDULEID], [CHANGE_DATE], [STATUS], [REASON], [REQUESTED_AT], [APPROVED_BY], [APPROVED_AT]) VALUES (13, 31, 1, NULL, CAST(N'2025-03-19' AS Date), N'Xin nghỉ phép', N'Nghỉ bệnh!', CAST(N'2025-03-19T17:07:34.787' AS DateTime), NULL, NULL)
INSERT [dbo].[SCHEDULE_CHANGES] ([CHANGE_ID], [EMPLOYEEID], [OLD_SCHEDULEID], [NEW_SCHEDULEID], [CHANGE_DATE], [STATUS], [REASON], [REQUESTED_AT], [APPROVED_BY], [APPROVED_AT]) VALUES (15, 1, 1, 3, CAST(N'2025-03-20' AS Date), N'Đổi lịch làm việc', N'Đổi lịch làm việc cho nhân viên Nguyễn Đăng Danh Ca tối 19:00 - 3:00 vào Thứ Năm ngày 20/03/2025.', CAST(N'2025-03-20T09:06:14.693' AS DateTime), NULL, NULL)
INSERT [dbo].[SCHEDULE_CHANGES] ([CHANGE_ID], [EMPLOYEEID], [OLD_SCHEDULEID], [NEW_SCHEDULEID], [CHANGE_DATE], [STATUS], [REASON], [REQUESTED_AT], [APPROVED_BY], [APPROVED_AT]) VALUES (16, 31, 1, 2, CAST(N'2025-03-21' AS Date), N'Đổi lịch làm việc', N'Đổi lịch làm việc cho nhân viên Lê Hoàng Lan Ca chiều 15:00 - 23:00 vào Thứ Sáu ngày 21/03/2025.', CAST(N'2025-03-20T10:11:31.443' AS DateTime), NULL, NULL)
INSERT [dbo].[SCHEDULE_CHANGES] ([CHANGE_ID], [EMPLOYEEID], [OLD_SCHEDULEID], [NEW_SCHEDULEID], [CHANGE_DATE], [STATUS], [REASON], [REQUESTED_AT], [APPROVED_BY], [APPROVED_AT]) VALUES (17, 32, 1, NULL, CAST(N'2025-03-20' AS Date), N'Xin nghỉ phép', N'Lý do bị bệnh!', CAST(N'2025-03-20T17:50:56.810' AS DateTime), NULL, NULL)
INSERT [dbo].[SCHEDULE_CHANGES] ([CHANGE_ID], [EMPLOYEEID], [OLD_SCHEDULEID], [NEW_SCHEDULEID], [CHANGE_DATE], [STATUS], [REASON], [REQUESTED_AT], [APPROVED_BY], [APPROVED_AT]) VALUES (18, 6, 1, NULL, CAST(N'2025-03-25' AS Date), N'Xin nghỉ phép', N'Nay trốn không đi làm!', CAST(N'2025-03-25T10:30:19.830' AS DateTime), NULL, NULL)
INSERT [dbo].[SCHEDULE_CHANGES] ([CHANGE_ID], [EMPLOYEEID], [OLD_SCHEDULEID], [NEW_SCHEDULEID], [CHANGE_DATE], [STATUS], [REASON], [REQUESTED_AT], [APPROVED_BY], [APPROVED_AT]) VALUES (19, 31, 1, 2, CAST(N'2025-03-26' AS Date), N'Đổi lịch làm việc', N'Đổi lịch làm việc cho nhân viên Lê Hoàng Lan Ca chiều 15:00 - 23:00 vào Thứ Tư ngày 26/03/2025.', CAST(N'2025-03-25T10:32:31.057' AS DateTime), NULL, NULL)
INSERT [dbo].[SCHEDULE_CHANGES] ([CHANGE_ID], [EMPLOYEEID], [OLD_SCHEDULEID], [NEW_SCHEDULEID], [CHANGE_DATE], [STATUS], [REASON], [REQUESTED_AT], [APPROVED_BY], [APPROVED_AT]) VALUES (20, 32, 1, 3, CAST(N'2025-03-26' AS Date), N'Đổi lịch làm việc', N'Đổi lịch làm việc cho nhân viên Ngô Thị Mỹ Huyền Ca tối 19:00 - 3:00 vào Thứ Tư ngày 26/03/2025.', CAST(N'2025-03-25T10:34:56.447' AS DateTime), NULL, NULL)
INSERT [dbo].[SCHEDULE_CHANGES] ([CHANGE_ID], [EMPLOYEEID], [OLD_SCHEDULEID], [NEW_SCHEDULEID], [CHANGE_DATE], [STATUS], [REASON], [REQUESTED_AT], [APPROVED_BY], [APPROVED_AT]) VALUES (21, 31, 1, 2, CAST(N'2025-03-27' AS Date), N'Đổi lịch làm việc', N'Đổi lịch làm việc cho nhân viên Lê Hoàng Lan Ca chiều 15:00 - 23:00 vào Thứ Năm ngày 27/03/2025.', CAST(N'2025-03-25T10:48:28.447' AS DateTime), NULL, NULL)
INSERT [dbo].[SCHEDULE_CHANGES] ([CHANGE_ID], [EMPLOYEEID], [OLD_SCHEDULEID], [NEW_SCHEDULEID], [CHANGE_DATE], [STATUS], [REASON], [REQUESTED_AT], [APPROVED_BY], [APPROVED_AT]) VALUES (22, 32, 1, NULL, CAST(N'2025-03-25' AS Date), N'Xin nghỉ phép', N'Bệnh xin nghỉ phép!', CAST(N'2025-03-25T15:11:19.100' AS DateTime), NULL, NULL)
INSERT [dbo].[SCHEDULE_CHANGES] ([CHANGE_ID], [EMPLOYEEID], [OLD_SCHEDULEID], [NEW_SCHEDULEID], [CHANGE_DATE], [STATUS], [REASON], [REQUESTED_AT], [APPROVED_BY], [APPROVED_AT]) VALUES (23, 5, 2, 2, CAST(N'2025-04-24' AS Date), N'Đổi lịch làm việc', N'Đổi lịch làm việc cho nhân viên Nguyễn Trung Nghĩa Ca chiều 15:00 - 23:00 vào Thứ Năm ngày 24/04/2025.', CAST(N'2025-04-21T16:52:20.663' AS DateTime), NULL, NULL)
SET IDENTITY_INSERT [dbo].[SCHEDULE_CHANGES] OFF
GO
SET IDENTITY_INSERT [dbo].[SHOPOWNERS] ON 

INSERT [dbo].[SHOPOWNERS] ([OWNERID], [FULLNAME], [CONTACTINFO], [EMAIL]) VALUES (1, N'Lương Duy Sơn', N'0375028595', N'Luongson2k57@gmail.com')
SET IDENTITY_INSERT [dbo].[SHOPOWNERS] OFF
GO
SET IDENTITY_INSERT [dbo].[TABLEFOOD] ON 

INSERT [dbo].[TABLEFOOD] ([IDTABLE], [NAME], [STATUS]) VALUES (1, N'Bàn 0', N'Trống')
INSERT [dbo].[TABLEFOOD] ([IDTABLE], [NAME], [STATUS]) VALUES (2, N'Bàn 1', N'Trống')
INSERT [dbo].[TABLEFOOD] ([IDTABLE], [NAME], [STATUS]) VALUES (3, N'Bàn 2', N'Trống')
INSERT [dbo].[TABLEFOOD] ([IDTABLE], [NAME], [STATUS]) VALUES (4, N'Bàn 3', N'Trống')
INSERT [dbo].[TABLEFOOD] ([IDTABLE], [NAME], [STATUS]) VALUES (5, N'Bàn 4', N'Trống')
INSERT [dbo].[TABLEFOOD] ([IDTABLE], [NAME], [STATUS]) VALUES (6, N'Bàn 5', N'Trống')
INSERT [dbo].[TABLEFOOD] ([IDTABLE], [NAME], [STATUS]) VALUES (7, N'Bàn 6', N'Trống')
INSERT [dbo].[TABLEFOOD] ([IDTABLE], [NAME], [STATUS]) VALUES (8, N'Bàn 7', N'Trống')
INSERT [dbo].[TABLEFOOD] ([IDTABLE], [NAME], [STATUS]) VALUES (9, N'Bàn 8', N'Trống')
INSERT [dbo].[TABLEFOOD] ([IDTABLE], [NAME], [STATUS]) VALUES (10, N'Bàn 9', N'Trống')
INSERT [dbo].[TABLEFOOD] ([IDTABLE], [NAME], [STATUS]) VALUES (11, N'Bàn 10', N'Trống')
INSERT [dbo].[TABLEFOOD] ([IDTABLE], [NAME], [STATUS]) VALUES (12, N'Bàn 11', N'Trống')
INSERT [dbo].[TABLEFOOD] ([IDTABLE], [NAME], [STATUS]) VALUES (13, N'Bàn 12', N'Trống')
INSERT [dbo].[TABLEFOOD] ([IDTABLE], [NAME], [STATUS]) VALUES (14, N'Bàn 13', N'Trống')
INSERT [dbo].[TABLEFOOD] ([IDTABLE], [NAME], [STATUS]) VALUES (15, N'Bàn 14', N'Trống')
INSERT [dbo].[TABLEFOOD] ([IDTABLE], [NAME], [STATUS]) VALUES (16, N'Bàn 15', N'Trống')
INSERT [dbo].[TABLEFOOD] ([IDTABLE], [NAME], [STATUS]) VALUES (17, N'Bàn 16', N'Trống')
INSERT [dbo].[TABLEFOOD] ([IDTABLE], [NAME], [STATUS]) VALUES (18, N'Bàn 17', N'Trống')
INSERT [dbo].[TABLEFOOD] ([IDTABLE], [NAME], [STATUS]) VALUES (19, N'Bàn 18', N'Trống')
INSERT [dbo].[TABLEFOOD] ([IDTABLE], [NAME], [STATUS]) VALUES (20, N'Bàn 19', N'Trống')
INSERT [dbo].[TABLEFOOD] ([IDTABLE], [NAME], [STATUS]) VALUES (21, N'Bàn 20', N'Trống')
SET IDENTITY_INSERT [dbo].[TABLEFOOD] OFF
GO
INSERT INTO BILLIARD_TABLE_TYPE(TYPENAME, PRICE_PER_HOUR)
VALUES (N'Bàn 3 bi', 50000),
       (N'Bàn lỗ', 50000);
GO
DECLARE @T3 INT = 1;  
DECLARE @TLO INT = 2;  
-- Bàn 1 -> 11 là Bàn 3 bi
UPDATE TABLEFOOD SET IDTYPE = @T3 WHERE IDTABLE BETWEEN 1 AND 11;
-- Bàn 12 -> 21 là Bàn lỗ
UPDATE TABLEFOOD SET IDTYPE = @TLO WHERE IDTABLE >= 12;
-- === CẬP NHẬT KHU VỰC  ===
UPDATE TABLEFOOD SET KHUVUC = N'Tầng 1' WHERE IDTABLE BETWEEN 1 AND 11;

UPDATE TABLEFOOD SET KHUVUC = N'Tầng 2' WHERE IDTABLE >= 12;
GO
SET IDENTITY_INSERT [dbo].[WORKSCHEDULES] ON 

INSERT [dbo].[WORKSCHEDULES] ([SCHEDULEID], [WORKSHIFT]) VALUES (1, N'Ca sáng 7:00 - 15:00')
INSERT [dbo].[WORKSCHEDULES] ([SCHEDULEID], [WORKSHIFT]) VALUES (2, N'Ca chiều 15:00 - 23:00')
INSERT [dbo].[WORKSCHEDULES] ([SCHEDULEID], [WORKSHIFT]) VALUES (3, N'Ca tối 19:00 - 3:00')
SET IDENTITY_INSERT [dbo].[WORKSCHEDULES] OFF
GO
SET ANSI_PADDING ON
GO
/****** Object:  Index [UNI_ACCOUNT_USERNAME]    Script Date: 9/20/2025 6:52:47 PM ******/
ALTER TABLE [dbo].[ACCOUNT] ADD  CONSTRAINT [UNI_ACCOUNT_USERNAME] UNIQUE NONCLUSTERED 
(
	[USERNAME] ASC
)WITH (PAD_INDEX = OFF, STATISTICS_NORECOMPUTE = OFF, SORT_IN_TEMPDB = OFF, IGNORE_DUP_KEY = OFF, ONLINE = OFF, ALLOW_ROW_LOCKS = ON, ALLOW_PAGE_LOCKS = ON, OPTIMIZE_FOR_SEQUENTIAL_KEY = OFF) ON [PRIMARY]
GO
SET ANSI_PADDING ON
GO
/****** Object:  Index [UNI_EMPLOYEES_EMAIL]    Script Date: 9/20/2025 6:52:47 PM ******/
ALTER TABLE [dbo].[EMPLOYEES] ADD  CONSTRAINT [UNI_EMPLOYEES_EMAIL] UNIQUE NONCLUSTERED 
(
	[EMAIL] ASC
)WITH (PAD_INDEX = OFF, STATISTICS_NORECOMPUTE = OFF, SORT_IN_TEMPDB = OFF, IGNORE_DUP_KEY = OFF, ONLINE = OFF, ALLOW_ROW_LOCKS = ON, ALLOW_PAGE_LOCKS = ON, OPTIMIZE_FOR_SEQUENTIAL_KEY = OFF) ON [PRIMARY]
GO
SET ANSI_PADDING ON
GO
/****** Object:  Index [UNI_EMPLOYEES_IDENTIFICATION]    Script Date: 9/20/2025 6:52:47 PM ******/
ALTER TABLE [dbo].[EMPLOYEES] ADD  CONSTRAINT [UNI_EMPLOYEES_IDENTIFICATION] UNIQUE NONCLUSTERED 
(
	[IDENTIFICATION] ASC
)WITH (PAD_INDEX = OFF, STATISTICS_NORECOMPUTE = OFF, SORT_IN_TEMPDB = OFF, IGNORE_DUP_KEY = OFF, ONLINE = OFF, ALLOW_ROW_LOCKS = ON, ALLOW_PAGE_LOCKS = ON, OPTIMIZE_FOR_SEQUENTIAL_KEY = OFF) ON [PRIMARY]
GO
SET ANSI_PADDING ON
GO
ALTER TABLE [dbo].[ACCOUNT] ADD  CONSTRAINT [DF_DISPLAYNAME_ACCOUNT]  DEFAULT (N'Lương Sơn') FOR [DISPLAYNAME]
GO
ALTER TABLE [dbo].[ACCOUNT] ADD  CONSTRAINT [DF_ACCOUNT_PASSWORD]  DEFAULT (N'123') FOR [PASSWORD]
GO
ALTER TABLE [dbo].[ACCOUNT] ADD  CONSTRAINT [DF_TYPE_ACCOUNT]  DEFAULT ((0)) FOR [TYPE]
GO
ALTER TABLE [dbo].[BILL] ADD  CONSTRAINT [DF_DATECHECKIN_BILL]  DEFAULT (getdate()) FOR [DATECHECKIN]
GO
ALTER TABLE [dbo].[BILL] ADD  CONSTRAINT [DF_STATUS_BILL]  DEFAULT ((0)) FOR [STATUS]
GO
ALTER TABLE [dbo].[BILLINFO] ADD  CONSTRAINT [DF_COUNT_BILLINFO]  DEFAULT ((0)) FOR [COUNT]
GO
ALTER TABLE [dbo].[EMPLOYEES] ADD  DEFAULT (getdate()) FOR [YEAR_STARTED]
GO
ALTER TABLE [dbo].[FOODCATEGORY] ADD  CONSTRAINT [DF_NAME_FOODCATEGORY]  DEFAULT (N'Chưa Đặt Tên') FOR [NAME]
GO
ALTER TABLE [dbo].[SCHEDULE_CHANGES] ADD  DEFAULT (getdate()) FOR [REQUESTED_AT]
GO
ALTER TABLE [dbo].[TABLEFOOD] ADD  CONSTRAINT [DF_NAME_TABLEFOOD]  DEFAULT (N'Bàn Chưa Có Tên') FOR [NAME]
GO
ALTER TABLE [dbo].[TABLEFOOD] ADD  CONSTRAINT [DF_STATUS_TABLEFOOD]  DEFAULT (N'Trống') FOR [STATUS]
GO
ALTER TABLE [dbo].[TABLEFOOD] ADD  CONSTRAINT [DF_KHUVUC_TABLEFOOD]  DEFAULT (N'Tầng 1') FOR [KHUVUC]
GO
ALTER TABLE [dbo].[ACCOUNT]  WITH CHECK ADD  CONSTRAINT [FK_ACCOUNT_EMPLOYEE] FOREIGN KEY([EMPLOYEEID])
REFERENCES [dbo].[EMPLOYEES] ([EMPLOYEEID])
GO
ALTER TABLE [dbo].[ACCOUNT] CHECK CONSTRAINT [FK_ACCOUNT_EMPLOYEE]
GO
ALTER TABLE [dbo].[ATTENDANCES]  WITH CHECK ADD  CONSTRAINT [FK_EMPLOYEE_ATTENDANCE] FOREIGN KEY([EMPLOYEEID])
REFERENCES [dbo].[EMPLOYEES] ([EMPLOYEEID])
GO
ALTER TABLE [dbo].[ATTENDANCES] CHECK CONSTRAINT [FK_EMPLOYEE_ATTENDANCE]
GO
ALTER TABLE [dbo].[ATTENDANCES]  WITH CHECK ADD  CONSTRAINT [FK_SCHEDULE_ATTENDANCE] FOREIGN KEY([SCHEDULEID])
REFERENCES [dbo].[WORKSCHEDULES] ([SCHEDULEID])
GO
ALTER TABLE [dbo].[ATTENDANCES] CHECK CONSTRAINT [FK_SCHEDULE_ATTENDANCE]
GO
ALTER TABLE [dbo].[BILL]  WITH CHECK ADD  CONSTRAINT [FK_BILL_EMPLOYEE] FOREIGN KEY([EMPLOYEEID])
REFERENCES [dbo].[EMPLOYEES] ([EMPLOYEEID])
GO
ALTER TABLE [dbo].[BILL] CHECK CONSTRAINT [FK_BILL_EMPLOYEE]
GO
ALTER TABLE [dbo].[BILL]  WITH CHECK ADD  CONSTRAINT [FK_BILL_TABLEFOOD] FOREIGN KEY([IDTABLE])
REFERENCES [dbo].[TABLEFOOD] ([IDTABLE])
ON DELETE CASCADE
GO
ALTER TABLE [dbo].[BILL] CHECK CONSTRAINT [FK_BILL_TABLEFOOD]
GO
ALTER TABLE [dbo].[BILLINFO]  WITH CHECK ADD  CONSTRAINT [FK_BILLINFO_BILL] FOREIGN KEY([IDBILL])
REFERENCES [dbo].[BILL] ([IDBILL])
GO
ALTER TABLE [dbo].[BILLINFO] CHECK CONSTRAINT [FK_BILLINFO_BILL]
GO
ALTER TABLE [dbo].[BILLINFO]  WITH CHECK ADD  CONSTRAINT [FK_BILLINFO_FOOD] FOREIGN KEY([IDFOOD])
REFERENCES [dbo].[FOOD] ([IDFOOD])
GO
ALTER TABLE [dbo].[BILLINFO] CHECK CONSTRAINT [FK_BILLINFO_FOOD]
GO
ALTER TABLE [dbo].[EMPLOYEES]  WITH CHECK ADD  CONSTRAINT [FK_EMPLOYEES_POSITIONS] FOREIGN KEY([POSITIONID])
REFERENCES [dbo].[POSITIONS] ([POSITIONID])
GO
ALTER TABLE [dbo].[EMPLOYEES] CHECK CONSTRAINT [FK_EMPLOYEES_POSITIONS]
GO
ALTER TABLE [dbo].[EMPLOYEES]  WITH CHECK ADD  CONSTRAINT [FK_EMPLOYEES_WORKSCHEDULES] FOREIGN KEY([SCHEDULEID])
REFERENCES [dbo].[WORKSCHEDULES] ([SCHEDULEID])
GO
ALTER TABLE [dbo].[EMPLOYEES] CHECK CONSTRAINT [FK_EMPLOYEES_WORKSCHEDULES]
GO
ALTER TABLE [dbo].[FOOD]  WITH CHECK ADD  CONSTRAINT [FK_FOOD_FOODCATEGORY] FOREIGN KEY([IDCATEGORY])
REFERENCES [dbo].[FOODCATEGORY] ([IDCATEGORY])
ON DELETE CASCADE
GO
ALTER TABLE [dbo].[FOOD] CHECK CONSTRAINT [FK_FOOD_FOODCATEGORY]
GO
ALTER TABLE [dbo].[PAYROLL]  WITH CHECK ADD  CONSTRAINT [FK_EMPLOYEE_PAYROLL] FOREIGN KEY([EMPLOYEEID])
REFERENCES [dbo].[EMPLOYEES] ([EMPLOYEEID])
GO
ALTER TABLE [dbo].[PAYROLL] CHECK CONSTRAINT [FK_EMPLOYEE_PAYROLL]
GO
ALTER TABLE [dbo].[SCHEDULE_CHANGES]  WITH CHECK ADD  CONSTRAINT [FK_SCHEDULE_CHANGES_APPROVED_EMPLOYEES] FOREIGN KEY([APPROVED_BY])
REFERENCES [dbo].[EMPLOYEES] ([EMPLOYEEID])
GO
ALTER TABLE [dbo].[SCHEDULE_CHANGES] CHECK CONSTRAINT [FK_SCHEDULE_CHANGES_APPROVED_EMPLOYEES]
GO
ALTER TABLE [dbo].[SCHEDULE_CHANGES]  WITH CHECK ADD  CONSTRAINT [FK_SCHEDULE_CHANGES_EMPLOYEES] FOREIGN KEY([EMPLOYEEID])
REFERENCES [dbo].[EMPLOYEES] ([EMPLOYEEID])
GO
ALTER TABLE [dbo].[SCHEDULE_CHANGES] CHECK CONSTRAINT [FK_SCHEDULE_CHANGES_EMPLOYEES]
GO
ALTER TABLE [dbo].[SCHEDULE_CHANGES]  WITH CHECK ADD  CONSTRAINT [FK_SCHEDULE_CHANGES_NEW_WORKSCHEDULES] FOREIGN KEY([NEW_SCHEDULEID])
REFERENCES [dbo].[WORKSCHEDULES] ([SCHEDULEID])
GO
ALTER TABLE [dbo].[SCHEDULE_CHANGES] CHECK CONSTRAINT [FK_SCHEDULE_CHANGES_NEW_WORKSCHEDULES]
GO
ALTER TABLE [dbo].[SCHEDULE_CHANGES]  WITH CHECK ADD  CONSTRAINT [FK_SCHEDULE_CHANGES_OLD_WORKSCHEDULES] FOREIGN KEY([OLD_SCHEDULEID])
REFERENCES [dbo].[WORKSCHEDULES] ([SCHEDULEID])
GO
ALTER TABLE [dbo].[SCHEDULE_CHANGES] CHECK CONSTRAINT [FK_SCHEDULE_CHANGES_OLD_WORKSCHEDULES]
GO

/****** Object:  StoredProcedure [dbo].[DeleteAttendance]    Script Date: 9/20/2025 6:52:47 PM ******/
SET ANSI_NULLS ON
GO
SET QUOTED_IDENTIFIER ON
GO
CREATE PROCEDURE [dbo].[DeleteAttendance]
    @EmployeeID INT,
    @WorkDate DATETIME
AS
BEGIN
    -- Xóa bản ghi chấm công từ bảng ATTENDANCES dựa trên EmployeeID và WorkDate
    DELETE FROM ATTENDANCES WHERE EMPLOYEEID = @EmployeeID AND WORKDATE = @WorkDate;
END;
GO
/****** Object:  StoredProcedure [dbo].[GetBillDetailsByTableId]    Script Date: 9/20/2025 6:52:47 PM ******/
SET ANSI_NULLS ON
GO
SET QUOTED_IDENTIFIER ON
GO
CREATE OR ALTER PROCEDURE [dbo].[GetBillDetailsByTableId]
    @TableId INT
AS
BEGIN
    SELECT 
        F.NAME,        
        BI.COUNT,      
        F.PRICE,       
        F.PRICE * BI.COUNT AS TOTALPRICE, 
        F.IDFOOD       
    FROM BILLINFO BI, BILL B, FOOD F
    WHERE BI.IDBILL = B.IDBILL 
      AND BI.IDFOOD = F.IDFOOD 
      AND B.STATUS = 0 
      AND B.IDTABLE = @TableId;
END;
GO
/****** Object:  StoredProcedure [dbo].[MarkAttendance]    Script Date: 9/20/2025 6:52:47 PM ******/
SET ANSI_NULLS ON
GO
SET QUOTED_IDENTIFIER ON
GO
----------------checkoutbill--------------------
IF NOT EXISTS (SELECT * FROM sys.columns WHERE object_id = OBJECT_ID(N'[dbo].[BILL]') AND name = 'TABLEFEE')
    ALTER TABLE [dbo].[BILL] ADD [TABLEFEE] DECIMAL(18, 2) DEFAULT 0;

IF NOT EXISTS (SELECT * FROM sys.columns WHERE object_id = OBJECT_ID(N'[dbo].[BILL]') AND name = 'FOODFEE')
    ALTER TABLE [dbo].[BILL] ADD [FOODFEE] DECIMAL(18, 2) DEFAULT 0;

IF NOT EXISTS (SELECT * FROM sys.columns WHERE object_id = OBJECT_ID(N'[dbo].[BILL]') AND name = 'SURCHARGE')
    ALTER TABLE [dbo].[BILL] ADD [SURCHARGE] DECIMAL(18, 2) DEFAULT 0;

IF NOT EXISTS (SELECT * FROM sys.columns WHERE object_id = OBJECT_ID(N'[dbo].[BILL]') AND name = 'TOTALAMOUNT')
    ALTER TABLE [dbo].[BILL] ADD [TOTALAMOUNT] DECIMAL(18, 2) DEFAULT 0;
go
CREATE OR ALTER PROCEDURE [dbo].[USP_CheckoutBill]
    @idTable INT,
    @tableFee DECIMAL(18, 2),
    @foodFee DECIMAL(18, 2),
    @discount INT, -- Giữ nguyên INT theo database của bạn
    @surcharge DECIMAL(18, 2),
    @totalAmount DECIMAL(18, 2)
AS
BEGIN
    DECLARE @idBill INT;

    -- Tìm Bill chưa thanh toán của bàn này
    SELECT @idBill = IdBill FROM dbo.BILL WHERE IdTable = @idTable AND STATUS = 0;

    IF @idBill IS NOT NULL
    BEGIN
        -- A. Cập nhật thông tin thanh toán vào Bill
        UPDATE dbo.BILL
        SET DateCheckOut = GETDATE(),
            [Status] = 1, -- Đánh dấu đã thanh toán
            TableFee = @tableFee,
            FoodFee = @foodFee,
            Discount = @discount,
            Surcharge = @surcharge,
            TotalAmount = @totalAmount, 
            TOTALPRICE = @totalAmount  
        WHERE IdBill = @idBill;

        UPDATE dbo.TABLEFOOD 
        SET [Status] = N'Trống', StartTime = NULL, PlayTime = NULL 
        WHERE IdTable = @idTable;

        SELECT @idBill;
    END
    ELSE
    BEGIN
        SELECT -1;
    END
END
GO
-------------------------
CREATE PROCEDURE [dbo].[MarkAttendance] 
    @EmployeeID INT,
    @WorkDate DATETIME,
    @WorkShift NVARCHAR(255)
AS
BEGIN
    DECLARE @ScheduleID INT;
    DECLARE @AttendanceID INT;
    
    -- Lấy ID của ca làm việc từ bảng EMPLOYEES
    SELECT @ScheduleID = SCHEDULEID FROM EMPLOYEES WHERE EMPLOYEEID = @EmployeeID;
    
    -- Kiểm tra xem nhân viên đã chấm công chưa
    SELECT @AttendanceID = ATTENDANCEID FROM ATTENDANCES WHERE EMPLOYEEID = @EmployeeID AND WORKDATE = @WorkDate;
    
    IF @AttendanceID IS NULL
    BEGIN
        -- Chưa chấm công, thêm mới vào bảng ATTENDANCES
        INSERT INTO ATTENDANCES (EMPLOYEEID, WORKDATE, WORKSHIFT, SCHEDULEID) VALUES (@EmployeeID, @WorkDate, @WorkShift, @ScheduleID);
    END
    ELSE
    BEGIN
        -- Đã chấm công, cập nhật lại ca làm việc
        UPDATE ATTENDANCES SET WORKSHIFT = @WorkShift WHERE EMPLOYEEID = @EmployeeID AND WORKDATE = @WorkDate;
    END
END;
GO
/****** Object:  StoredProcedure [dbo].[usp_DeleteEmployees]    Script Date: 9/20/2025 6:52:47 PM ******/
SET ANSI_NULLS ON
GO
SET QUOTED_IDENTIFIER ON
GO

CREATE PROCEDURE [dbo].[usp_DeleteEmployees] @id int
AS
BEGIN
	DELETE Employees 
	WHERE EMPLOYEEID = @id
END
GO
/****** Object:  StoredProcedure [dbo].[usp_DeleteWorkSchedule]    Script Date: 9/20/2025 6:52:47 PM ******/
SET ANSI_NULLS ON
GO
SET QUOTED_IDENTIFIER ON
GO

CREATE PROCEDURE [dbo].[usp_DeleteWorkSchedule] @Id INT
AS
BEGIN
	DELETE WORKSCHEDULES
	WHERE SCHEDULEID = @Id
END
GO
/****** Object:  StoredProcedure [dbo].[USP_GETACCOUNTBYUSERNAME]    Script Date: 9/20/2025 6:52:47 PM ******/
SET ANSI_NULLS ON
GO
SET QUOTED_IDENTIFIER ON
GO

CREATE PROC [dbo].[USP_GETACCOUNTBYUSERNAME]
@USERNAME NVARCHAR(100)
AS
BEGIN 
	SELECT * 
	FROM dbo.ACCOUNT
	WHERE ACCOUNT.USERNAME = @USERNAME;
END
GO
/****** Object:  StoredProcedure [dbo].[USP_GETFOOD]    Script Date: 9/20/2025 6:52:47 PM ******/
SET ANSI_NULLS ON
GO
SET QUOTED_IDENTIFIER ON
GO

CREATE PROC [dbo].[USP_GETFOOD]
@IDFOOD NVARCHAR(100)
AS
BEGIN 
	SELECT * 
	FROM dbo.FOOD
	WHERE FOOD.IDFOOD = @IDFOOD;
END

GO
/****** Object:  StoredProcedure [dbo].[usp_GetListAttendance]    Script Date: 9/20/2025 6:52:47 PM ******/
SET ANSI_NULLS ON
GO
SET QUOTED_IDENTIFIER ON
GO

CREATE PROCEDURE [dbo].[usp_GetListAttendance]
AS
BEGIN
	SELECT ATTENDANCEID, FULLNAME, WORKDATE, ATTENDANCES.WORKSHIFT
	FROM ATTENDANCES, EMPLOYEES, WORKSCHEDULES
	WHERE ATTENDANCES.EMPLOYEEID = EMPLOYEES.EMPLOYEEID AND ATTENDANCES.SCHEDULEID = WORKSCHEDULES.SCHEDULEID
END
GO
/****** Object:  StoredProcedure [dbo].[USP_GETLISTBILLBYDATE]    Script Date: 9/20/2025 6:52:47 PM ******/
CREATE PROCEDURE [dbo].[USP_GETLISTBILLBYDATE]
    @checkIn DATE, 
    @checkOut DATE
AS
BEGIN
    SELECT 
        t.NAME AS [Tên bàn], 
        b.TotalAmount AS [Tổng tiền], 

        b.TableFee AS [Tiền giờ],
        b.FoodFee AS [Tiền món],
        b.Discount AS [Giảm giá],

        b.DateCheckIn AS [Giờ vào], 
        b.DateCheckOut AS [Giờ ra],

        ISNULL(e.FULLNAME, N'Admin/Khác') AS [Nhân viên]

    FROM dbo.BILL AS b
    INNER JOIN dbo.TABLEFOOD AS t ON b.IDTABLE = t.IDTABLE
    LEFT JOIN dbo.EMPLOYEES AS e ON b.EMPLOYEEID = e.EMPLOYEEID
    
    WHERE b.DateCheckIn >= @checkIn 
      AND b.DateCheckIn <= @checkOut 
      AND b.STATUS = 1 
END
GO
/****** Object:  StoredProcedure [dbo].[USP_GETLISTBILLBYDATEANDPAGE]    Script Date: 9/20/2025 6:52:47 PM ******/
SET ANSI_NULLS ON
GO
SET QUOTED_IDENTIFIER ON
GO

CREATE PROCEDURE [dbo].[USP_GETLISTBILLBYDATEANDPAGE]
@CHECKIN DATE, @CHECKOUT DATE, @PAGE INT
AS
BEGIN
	DECLARE @PAGEROWS INT = 10

	DECLARE @SELECTROWS INT = @PAGEROWS

	DECLARE @EXCEPTROWS INT = (@PAGE - 1) * @PAGEROWS

	;WITH BILLSHOW AS (SELECT B.IDBILL, T.NAME AS N'Tên bàn', B.TOTALPRICE AS N'Tổng tiền', DATECHECKIN AS N'Ngày vào', DATECHECKOUT AS N'Ngày ra', DISCOUNT AS N'Giảm giá'
	FROM BILL AS B, TABLEFOOD AS T
	WHERE DATECHECKIN >= @CHECKIN AND DATECHECKOUT <= @CHECKOUT AND B.STATUS = 1 AND B.IDTABLE = T.IDTABLE)

	SELECT TOP (@SELECTROWS) * FROM BILLSHOW WHERE IDBILL NOT IN (SELECT TOP(@EXCEPTROWS) IDBILL FROM BILLSHOW)

END
GO
/****** Object:  StoredProcedure [dbo].[USP_GETLISTBILLBYDATEFORREPORT]    Script Date: 9/20/2025 6:52:47 PM ******/
SET ANSI_NULLS ON
GO
SET QUOTED_IDENTIFIER ON
GO

CREATE PROCEDURE [dbo].[USP_GETLISTBILLBYDATEFORREPORT]
@CHECKIN DATE, @CHECKOUT DATE
AS
BEGIN
	SELECT T.NAME, B.TOTALPRICE, DATECHECKIN, DATECHECKOUT, DISCOUNT
	FROM BILL AS B, TABLEFOOD AS T
	WHERE DATECHECKIN >= @CHECKIN AND DATECHECKOUT <= @CHECKOUT AND B.STATUS = 1 AND B.IDTABLE = T.IDTABLE 
END
GO
/****** Object:  StoredProcedure [dbo].[USP_GETLISTBILLBYDATEMONTH]    Script Date: 9/20/2025 6:52:47 PM ******/
SET ANSI_NULLS ON
GO
SET QUOTED_IDENTIFIER ON
GO

CREATE PROCEDURE [dbo].[USP_GETLISTBILLBYDATEMONTH]
    @CHECKIN DATE, 
    @CHECKOUT DATE
AS
BEGIN
    SELECT 
        T.NAME AS N'Tên bàn',
        DATENAME(MONTH, B.DATECHECKIN) + ' ' + CAST(YEAR(B.DATECHECKIN) AS VARCHAR) AS N'Tháng',
        SUM(B.TOTALPRICE) AS N'Tổng tiền'
    FROM BILL AS B
    INNER JOIN TABLEFOOD AS T ON B.IDTABLE = T.IDTABLE
    WHERE DATECHECKIN >= @CHECKIN AND DATECHECKOUT <= @CHECKOUT 
        AND B.STATUS = 1
    GROUP BY T.NAME, DATENAME(MONTH, B.DATECHECKIN), YEAR(B.DATECHECKIN)
    ORDER BY YEAR(B.DATECHECKIN), DATENAME(MONTH, B.DATECHECKIN);
END
GO
/****** Object:  StoredProcedure [dbo].[usp_GETLISTEMPLOYEE]    Script Date: 9/20/2025 6:52:47 PM ******/
SET ANSI_NULLS ON
GO
SET QUOTED_IDENTIFIER ON
GO

CREATE PROCEDURE [dbo].[usp_GETLISTEMPLOYEE]
AS
BEGIN
	SELECT * FROM Employees, Positions, WorkSchedules WHERE EMPLOYEES.POSITIONID = POSITIONS.POSITIONID AND EMPLOYEES.SCHEDULEID = WORKSCHEDULES.SCHEDULEID
END
GO
/****** Object:  StoredProcedure [dbo].[usp_GetListWorkSchedule]    Script Date: 9/20/2025 6:52:47 PM ******/
SET ANSI_NULLS ON
GO
SET QUOTED_IDENTIFIER ON
GO

CREATE PROCEDURE [dbo].[usp_GetListWorkSchedule]
AS
BEGIN
	SELECT * FROM WORKSCHEDULES	
END
GO
/****** Object:  StoredProcedure [dbo].[USP_GETNUMBILLBYDATE]    Script Date: 9/20/2025 6:52:47 PM ******/
SET ANSI_NULLS ON
GO
SET QUOTED_IDENTIFIER ON
GO

CREATE PROCEDURE [dbo].[USP_GETNUMBILLBYDATE]
@CHECKIN DATE, @CHECKOUT DATE
AS
BEGIN
	SELECT COUNT(*)
	FROM BILL AS B, TABLEFOOD AS T
	WHERE DATECHECKIN >= @CHECKIN AND DATECHECKOUT <= @CHECKOUT AND B.STATUS = 1 AND B.IDTABLE = T.IDTABLE 
END
GO
/****** Object:  StoredProcedure [dbo].[USP_GETSHOPOWNERSLIST]    Script Date: 9/20/2025 6:52:47 PM ******/
SET ANSI_NULLS ON
GO
SET QUOTED_IDENTIFIER ON
GO

CREATE PROCEDURE [dbo].[USP_GETSHOPOWNERSLIST]
AS
BEGIN
	SELECT * FROM SHOPOWNERS;
END
GO
/****** Object:  StoredProcedure [dbo].[USP_GETTABLELIST]    Script Date: 9/20/2025 6:52:47 PM ******/
SET ANSI_NULLS ON
GO
SET QUOTED_IDENTIFIER ON
GO

CREATE PROC [dbo].[USP_GETTABLELIST]
AS
	SELECT * FROM dbo.TABLEFOOD

GO
/****** Object:  StoredProcedure [dbo].[usp_INSERTBILL]    Script Date: 9/20/2025 6:52:47 PM ******/
SET ANSI_NULLS ON
GO
SET QUOTED_IDENTIFIER ON
GO
CREATE PROC [dbo].[usp_INSERTBILL]
@IDTABLE INT
AS
BEGIN
	INSERT INTO dbo.BILL(DATECHECKIN, DATECHECKOUT, IDTABLE, STATUS, DISCOUNT)
	VALUES	(GETDATE(), NULL, @IDTABLE, 0, 0)
END
GO
/****** Object:  StoredProcedure [dbo].[usp_INSERTBILLINFO]    Script Date: 9/20/2025 6:52:47 PM ******/
SET ANSI_NULLS ON
GO
SET QUOTED_IDENTIFIER ON
GO

CREATE PROCEDURE [dbo].[usp_INSERTBILLINFO]
    @IDBILL INT,
    @IDFOOD INT,
    @COUNT INT
AS 
BEGIN
    DECLARE @IsExitsBillInfo INT
    DECLARE @FOODCOUNT INT = 0

    SELECT @IsExitsBillInfo = ID, @FOODCOUNT = COUNT 
    FROM dbo.BILLINFO 
    WHERE IDBILL = @IDBILL AND IDFOOD = @IDFOOD

    IF(@IsExitsBillInfo IS NOT NULL) -- Nếu món ăn đã tồn tại trong hóa đơn
    BEGIN
        DECLARE @NewCount INT = @FOODCOUNT + @COUNT
        IF (@NewCount > 0) -- Nếu số lượng mới lớn hơn 0
        BEGIN
            UPDATE dbo.BILLINFO SET COUNT = @NewCount WHERE ID = @IsExitsBillInfo
        END
        ELSE -- Nếu số lượng mới bằng hoặc nhỏ hơn 0
        BEGIN
            DELETE dbo.BILLINFO WHERE ID = @IsExitsBillInfo
        END
    END
    ELSE -- Nếu món ăn chưa tồn tại trong hóa đơn
    BEGIN
        INSERT INTO dbo.BILLINFO(IDBILL, IDFOOD, COUNT)
        VALUES	(@IDBILL, @IDFOOD, @COUNT)
    END
END
GO
/****** Object:  StoredProcedure [dbo].[usp_InsertEmployees]    Script Date: 9/20/2025 6:52:47 PM ******/
SET ANSI_NULLS ON
GO
SET QUOTED_IDENTIFIER ON
GO

CREATE PROCEDURE [dbo].[usp_InsertEmployees] @FullName Nvarchar(255), @Gender Nvarchar(255), @Phone Nvarchar(255), @Email Nvarchar(255), @Images Text, @PositionId int, @ScheduleId int, @CoefficientsSalary float, @NumberOfDaysOffOfAnEmployee int, @Year_Started Date, @Identification Nvarchar(255), @IssuingAuthority Nvarchar(255)
AS
BEGIN
	INSERT INTO EMPLOYEES (FULLNAME, GENDER, PHONE, EMAIL, IMAGES, POSITIONID, SCHEDULEID, COEFFICIENTSSALARY, NUMBEROFDAYSOFFOFANEMPLOYEE, YEAR_STARTED,IDENTIFICATION, ISSUING_AUTHORITY)
	VALUES	(@FullName, @Gender, @Phone, @Email, @Images, @PositionId, @ScheduleId, @CoefficientsSalary, @NumberOfDaysOffOfAnEmployee, @Year_Started,@Identification, @IssuingAuthority)
END
GO
/****** Object:  StoredProcedure [dbo].[usp_InsertWorkSchedule]    Script Date: 9/20/2025 6:52:47 PM ******/
SET ANSI_NULLS ON
GO
SET QUOTED_IDENTIFIER ON
GO

CREATE PROCEDURE [dbo].[usp_InsertWorkSchedule] @WorkShift NVARCHAR(255)
AS
BEGIN
	INSERT INTO WORKSCHEDULES(WORKSHIFT)
	VALUES	(@WorkShift)
END
GO
/****** Object:  StoredProcedure [dbo].[USP_MERGETABLES]    Script Date: 9/20/2025 6:52:47 PM ******/
SET ANSI_NULLS ON
GO
SET QUOTED_IDENTIFIER ON
GO

CREATE PROCEDURE [dbo].[USP_MERGETABLES]
@IDTABLE1 INT, @IDTABLE2 INT
AS 
BEGIN
    -- Khai báo biến
    DECLARE @IDFIRSTBILL INT
    DECLARE @IDSECONDBILL INT 
    DECLARE @ISFIRSTTABLE_EMPTY INT = 1
    DECLARE @ISSECONDTABLE_EMPTY INT = 1

    -- Kiểm tra nếu bàn thứ nhất trống
    IF NOT EXISTS (SELECT 1 FROM dbo.BILL WHERE IDTABLE = @IDTABLE1 AND STATUS = 0)
    BEGIN
        INSERT INTO BILL(DATECHECKIN, DATECHECKOUT, IDTABLE, STATUS)
        VALUES(GETDATE(), NULL, @IDTABLE1, 0)
    END

    -- Kiểm tra nếu bàn thứ hai trống
    IF NOT EXISTS (SELECT 1 FROM dbo.BILL WHERE IDTABLE = @IDTABLE2 AND STATUS = 0)
    BEGIN
        INSERT INTO BILL(DATECHECKIN, DATECHECKOUT, IDTABLE, STATUS)
        VALUES(GETDATE(), NULL, @IDTABLE2, 0)
    END

    -- Lấy ID của hóa đơn cho từng bàn
    SELECT @IDFIRSTBILL = IDBILL FROM dbo.BILL WHERE IDTABLE = @IDTABLE1 AND STATUS = 0
    SELECT @IDSECONDBILL = IDBILL FROM dbo.BILL WHERE IDTABLE = @IDTABLE2 AND STATUS = 0

    -- Kiểm tra xem bàn đầu tiên có dữ liệu không
    SELECT @ISFIRSTTABLE_EMPTY = CASE WHEN EXISTS (SELECT 1 FROM BILLINFO WHERE IDBILL = @IDFIRSTBILL) THEN 0 ELSE 1 END

    -- Kiểm tra xem bàn thứ hai có dữ liệu không
    SELECT @ISSECONDTABLE_EMPTY = CASE WHEN EXISTS (SELECT 1 FROM BILLINFO WHERE IDBILL = @IDSECONDBILL) THEN 0 ELSE 1 END

    -- Thực hiện MERGE
    MERGE INTO BILLINFO AS Target
    USING (
        SELECT @IDSECONDBILL AS IDBILL, IDFOOD, SUM(COUNT) AS COUNT
        FROM BILLINFO
        WHERE IDBILL = @IDFIRSTBILL
        GROUP BY IDFOOD
    ) AS Source ON Target.IDBILL = Source.IDBILL AND Target.IDFOOD = Source.IDFOOD
    WHEN MATCHED THEN 
        UPDATE SET Target.COUNT = Target.COUNT + Source.COUNT
    WHEN NOT MATCHED BY TARGET THEN 
        INSERT (IDBILL, IDFOOD, COUNT) VALUES (Source.IDBILL, Source.IDFOOD, Source.COUNT);

    -- Xóa dữ liệu từ bàn thứ nhất
    DELETE FROM BILLINFO WHERE IDBILL = @IDFIRSTBILL;

    -- Cập nhật trạng thái của bàn
	-- Cập nhật trạng thái của bàn dựa trên trạng thái sau khi gộp
	IF (@ISSECONDTABLE_EMPTY = 0)
		UPDATE TABLEFOOD SET STATUS = N'Trống' WHERE IDTABLE = @IDTABLE1;
	ELSE
		UPDATE TABLEFOOD SET STATUS = N'Có người' WHERE IDTABLE = @IDTABLE1;

END
GO
/****** Object:  StoredProcedure [dbo].[USP_UpdateTablePrice] ******/
CREATE OR ALTER PROCEDURE [dbo].[USP_UpdateTablePrice]
    @idType INT,
    @newPrice FLOAT
AS
BEGIN
    -- Cập nhật giá mới vào bảng Loại Bàn
    UPDATE BILLIARD_TABLE_TYPE 
    SET PRICE_PER_HOUR = @newPrice 
    WHERE IDTYPE = @idType
END
GO
/****** Object:  StoredProcedure [dbo].[USP_UpdateTableStatus] ******/
CREATE OR ALTER PROCEDURE [dbo].[USP_UpdateTableStatus]
    @idTable INT,
    @status NVARCHAR(100)
AS
BEGIN
    UPDATE dbo.TABLEFOOD 
    SET STATUS = @status 
    WHERE IDTABLE = @idTable
END
GO
/****** Object:  StoredProcedure [dbo].[USP_AddTable] ******/
CREATE OR ALTER  PROCEDURE [dbo].[USP_AddTable]
    @TableName NVARCHAR(100),
    @IdType INT,
    @KhuVuc NVARCHAR(50) = N'Tầng 1'
AS
BEGIN
    INSERT INTO dbo.TABLEFOOD (NAME, STATUS, IDTYPE, KHUVUC)
    VALUES (@TableName, N'Trống', @IdType, @KhuVuc)
END
GO
/****** Object:  StoredProcedure [dbo].[USP_DeleteTable] ******/
CREATE OR ALTER PROCEDURE [dbo].[USP_DeleteTable]
    @idTable INT
AS
BEGIN
    -- 1. Kiểm tra xem bàn có đang hoạt động (Status != 'Trống') không?
    IF EXISTS (SELECT * FROM dbo.TABLEFOOD WHERE IDTABLE = @idTable AND STATUS <> N'Trống')
    BEGIN
        -- Trả về 0: Báo lỗi bàn đang có người, không được xóa
        SELECT 0; 
        RETURN;
    END
    DELETE FROM dbo.BILLINFO WHERE IDBILL IN (SELECT IDBILL FROM dbo.BILL WHERE IDTABLE = @idTable);

    DELETE FROM dbo.BILL WHERE IDTABLE = @idTable;

    DELETE FROM dbo.TABLEFOOD WHERE IDTABLE = @idTable;

    SELECT 1;
END
GO
/****** Object:  StoredProcedure [dbo].[USP_SWITCHTABLE]    Script Date: 9/20/2025 6:52:47 PM ******/
SET ANSI_NULLS ON
GO
SET QUOTED_IDENTIFIER ON
GO

CREATE PROCEDURE [dbo].[USP_SWITCHTABLE]
@IDTABLE1 INT, @IDTABLE2 INT
AS 
BEGIN

	DECLARE @IDFIRSTBILL INT
	DECLARE @IDSECONDBILL INT 
	
	DECLARE @ISFIRSTTABLE_EMPTY INT = 1
	DECLARE @ISSECONDTABLE_EMPTY INT = 1

	SELECT @IDSECONDBILL = IDBILL FROM dbo.BILL WHERE IDTABLE = @IDTABLE2 AND STATUS = 0
	SELECT @IDFIRSTBILL = IDBILL FROM dbo.BILL WHERE IDTABLE = @IDTABLE1 AND STATUS = 0

	PRINT @IDFIRSTBILL
	PRINT @IDSECONDBILL
	PRINT '------------'

	IF (@IDFIRSTBILL IS NULL)
	BEGIN

		PRINT '000001'

		INSERT INTO BILL(DATECHECKIN, DATECHECKOUT, IDTABLE, STATUS)
		VALUES	(GETDATE(), NULL, @IDTABLE1, 0)
		
		SELECT @IDFIRSTBILL = MAX(IDBILL)
		FROM BILL
		WHERE IDTABLE = @IDTABLE1 AND STATUS = 0

	END

	SELECT @ISFIRSTTABLE_EMPTY = COUNT(*)
	FROM BILLINFO
	WHERE IDBILL = @IDFIRSTBILL

	PRINT @IDFIRSTBILL
	PRINT @IDSECONDBILL
	PRINT '------------'

	IF (@IDSECONDBILL IS NULL)
	BEGIN
		
		PRINT '000002'

		INSERT INTO BILL(DATECHECKIN, DATECHECKOUT, IDTABLE, STATUS)
		VALUES	(GETDATE(), NULL, @IDTABLE2, 0)
		
		SELECT @IDSECONDBILL = MAX(IDBILL)
		FROM BILL
		WHERE IDTABLE = @IDTABLE2 AND STATUS = 0

	END

	SELECT @ISSECONDTABLE_EMPTY = COUNT(*)
	FROM BILLINFO
	WHERE IDBILL = @IDSECONDBILL

	PRINT @IDFIRSTBILL
	PRINT @IDSECONDBILL
	PRINT '------------'

	SELECT ID INTO IDBILLINFOTABLE
	FROM BILLINFO
	WHERE IDBILL = @IDSECONDBILL

	UPDATE dbo.BILLINFO
	SET IDBILL = @IDSECONDBILL
	WHERE IDBILL = @IDFIRSTBILL

	UPDATE BILLINFO
	SET IDBILL = @IDFIRSTBILL
	WHERE ID IN 
				(
					SELECT *
					FROM IDBILLINFOTABLE
				)

	DROP TABLE IDBILLINFOTABLE

	IF (@ISFIRSTTABLE_EMPTY = 0)
		UPDATE TABLEFOOD SET STATUS = N'Trống' WHERE IDTABLE = @IDTABLE2
	IF (@ISSECONDTABLE_EMPTY = 0)
		UPDATE TABLEFOOD SET STATUS = N'Trống' WHERE IDTABLE = @IDTABLE1
END
GO
/****** Object:  StoredProcedure [dbo].[USP_UPDATEACCOUNT]    Script Date: 9/20/2025 6:52:47 PM ******/
SET ANSI_NULLS ON
GO
SET QUOTED_IDENTIFIER ON
GO

CREATE PROCEDURE [dbo].[USP_UPDATEACCOUNT]
@USERNAME NVARCHAR(100), @DISPLAYNAME NVARCHAR(100), @PASSWORD NVARCHAR(100), @NEWPASSWORD NVARCHAR(100)
AS
BEGIN
	DECLARE @ISRIGHTPASS INT 
	
	SELECT @ISRIGHTPASS = COUNT(*)
	FROM ACCOUNT
	WHERE USERNAME = @USERNAME AND PASSWORD = @PASSWORD

	IF (@ISRIGHTPASS = 1)
	BEGIN 
		IF (@NEWPASSWORD IS NULL OR @NEWPASSWORD = '')
		BEGIN
			UPDATE ACCOUNT
			SET DISPLAYNAME = @DISPLAYNAME
			WHERE USERNAME = @USERNAME
		END

		ELSE
		BEGIN
			UPDATE ACCOUNT
			SET DISPLAYNAME = @DISPLAYNAME, PASSWORD = @NEWPASSWORD
			WHERE USERNAME = @USERNAME
		END

	END
END
GO
/****** Object:  StoredProcedure [dbo].[usp_UpdateEmployees]    Script Date: 9/20/2025 6:52:47 PM ******/
SET ANSI_NULLS ON
GO
SET QUOTED_IDENTIFIER ON
GO

CREATE PROCEDURE [dbo].[usp_UpdateEmployees] @id int, @FullName Nvarchar(255), @Gender Nvarchar(255), @Phone Nvarchar(255), @Email Nvarchar(255), @Images Text, @PositionId int, @ScheduleId int, @CoefficientsSalary float, @NumberOfDaysOffOfAnEmployee int, @Year_Started Date, @Identification Nvarchar(255), @IssuingAuthority Nvarchar(255)
AS
BEGIN
	UPDATE EMPLOYEES
	SET FullName = @FullName, Gender = @Gender, Phone = @Phone, Email = @Email, Images = @Images, PositionId = @PositionId, ScheduleId = @ScheduleId, CoefficientsSalary = @CoefficientsSalary, NumberOfDaysOffOfAnEmployee = @NumberOfDaysOffOfAnEmployee, Year_Started = @Year_Started,Identification = @Identification,Issuing_Authority = @IssuingAuthority
	WHERE EMPLOYEEID = @id
END
GO
/****** Object:  StoredProcedure [dbo].[USP_ChuyenBan]    S ******/
CREATE OR ALTER PROCEDURE [dbo].[USP_ChuyenBan]
    @idBanCu INT,
    @idBanMoi INT
AS
BEGIN
    DECLARE @idBillCu INT;
    DECLARE @idBillMoi INT;

    SELECT @idBillCu = IdBill FROM dbo.BILL WHERE IdTable = @idBanCu AND [Status] = 0;

    SELECT @idBillMoi = IdBill FROM dbo.BILL WHERE IdTable = @idBanMoi AND [Status] = 0;

    IF @idBillCu IS NULL RETURN; 

    IF @idBillMoi IS NOT NULL
    BEGIN
        DELETE FROM dbo.BillInfo WHERE IdBill = @idBillMoi;
        DELETE FROM dbo.Bill WHERE IdBill = @idBillMoi;
    END

    UPDATE dbo.BILL
    SET IdTable = @idBanMoi

    WHERE IdBill = @idBillCu;

    UPDATE dbo.TABLEFOOD SET [Status] = N'Trống', StartTime = NULL WHERE IdTable = @idBanCu;
    UPDATE dbo.TABLEFOOD SET [Status] = N'Đang chơi' WHERE IdTable = @idBanMoi;
END
GO
/****** Object:  StoredProcedure [dbo].[usp_UpdateWorkSchedule]    Script Date: 9/20/2025 6:52:47 PM ******/
SET ANSI_NULLS ON
GO
SET QUOTED_IDENTIFIER ON
GO

CREATE PROCEDURE [dbo].[usp_UpdateWorkSchedule] @Id int, @WorkShift Nvarchar(255)
AS
BEGIN
	UPDATE WORKSCHEDULES
	SET WORKSHIFT = @WorkShift
	WHERE SCHEDULEID = @Id
END
go
/****** Object:  StoredProcedure [dbo].[USP_UpdateBillInfoCount]******/
CREATE OR ALTER PROCEDURE [dbo].[USP_UpdateBillInfoCount]
    @idBill INT,
    @idFood INT,
    @count INT
AS
BEGIN
    DECLARE @isExist INT
    SELECT @isExist = ID FROM dbo.BILLINFO WHERE IDBILL = @idBill AND IDFOOD = @idFood

    IF (@isExist IS NOT NULL)
    BEGIN
        IF (@count > 0)
        BEGIN
            UPDATE dbo.BILLINFO SET COUNT = @count WHERE IDBILL = @idBill AND IDFOOD = @idFood
        END
        ELSE
        BEGIN
            DELETE dbo.BILLINFO WHERE IDBILL = @idBill AND IDFOOD = @idFood
        END
    END
END
GO
/****** Object:  StoredProcedure [dbo].[usp_UpdateWorkSchedule]******/
CREATE OR ALTER PROCEDURE [dbo].[USP_GetReceiptData]
    @IDBill INT
AS
BEGIN
    SELECT 
        B.IDBILL, 
        B.DateCheckIn, 
        B.DateCheckOut,
        B.IDTABLE,
        B.TableFee, 
        B.FoodFee, 
        B.Discount, 
        B.Surcharge, 
        B.TotalAmount,
        
        F.Name AS FoodName, 
        BI.Count AS Quantity, 
        F.Price AS ItemPrice,
        (BI.Count * F.Price) AS ItemTotal,
        
        F.IDFOOD  
        
    FROM dbo.BILL B
    INNER JOIN dbo.BILLINFO BI ON B.IDBILL = BI.IDBILL
    INNER JOIN dbo.FOOD F ON BI.IDFOOD = F.IDFOOD
    WHERE B.IDBILL = @IDBill;
END
GO

-- 3. THÊM DỮ LIỆU KHUYẾN MÃI MẪU


-- A. Khuyến mãi: Không áp dụng
INSERT INTO PROMOTION (NAME, TYPE, VALUE, APPLY_FOR_FOOD_ID, REQUIRED_QTY) 
VALUES (N'--- Không áp dụng ---', 0, 0, NULL, 0)

-- B. Khuyến mãi: Giảm 10% Tổng hóa đơn
INSERT INTO PROMOTION (NAME, TYPE, VALUE, APPLY_FOR_FOOD_ID, REQUIRED_QTY) 
VALUES (N'Giảm 10% Tổng hóa đơn', 0, 10, NULL, 0)

-- C. Khuyến mãi: Khách mới giảm 10% Tiền giờ
INSERT INTO PROMOTION (NAME, TYPE, VALUE, APPLY_FOR_FOOD_ID, REQUIRED_QTY) 
VALUES (N'Khách mới - Giảm 10% Tiền giờ', 1, 10, NULL, 0)

-- D. Khuyến mãi: Mua 1 Tặng 1 Coca Cola (Cấu hình động)
-- Bước D1: Tìm ID của món Coca Cola trong kho hiện tại
DECLARE @IdCoca INT;
SELECT TOP 1 @IdCoca = IDFOOD FROM FOOD WHERE Name LIKE N'%Coca%';

-- Bước D2: Thêm khuyến mãi (Nếu tìm thấy Coca)
IF @IdCoca IS NOT NULL
BEGIN
    -- Mua 1 tặng 1 => Mua 2 tính tiền 1 (REQUIRED_QTY = 2, VALUE = 1)
    INSERT INTO PROMOTION (NAME, TYPE, VALUE, APPLY_FOR_FOOD_ID, REQUIRED_QTY) 
    VALUES (N'Mua 1 Tặng 1 (Coca Cola)', 2, 1, @IdCoca, 2)
END
ELSE
BEGIN
    -- Trường hợp chưa có món Coca thì insert tạm ID=1
    INSERT INTO PROMOTION (NAME, TYPE, VALUE, APPLY_FOR_FOOD_ID, REQUIRED_QTY) 
    VALUES (N'Mua 1 Tặng 1 (Coca Cola)', 2, 1, 1, 2)
END
GO

-- ===================================================
-- 4. TẠO THỦ TỤC ĐỂ QUẢN LÝ (THÊM, SỬA, XÓA TRÊN FORM)
-- ===================================================

-- Thủ tục THÊM
CREATE OR ALTER PROCEDURE [dbo].[USP_InsertPromotion]
    @Name NVARCHAR(200),
    @Type INT,
    @Value FLOAT,
    @ApplyFoodID INT = NULL,
    @ReqQty INT = 0
AS
BEGIN
    INSERT INTO PROMOTION (NAME, TYPE, VALUE, STATUS, APPLY_FOR_FOOD_ID, REQUIRED_QTY)
    VALUES (@Name, @Type, @Value, 1, @ApplyFoodID, @ReqQty)
END
GO

-- Thủ tục SỬA
CREATE OR ALTER PROCEDURE [dbo].[USP_UpdatePromotion]
    @ID INT,
    @Name NVARCHAR(200),
    @Type INT,
    @Value FLOAT,
    @ApplyFoodID INT = NULL,
    @ReqQty INT = 0
AS
BEGIN
    UPDATE PROMOTION
    SET NAME = @Name,
        TYPE = @Type,
        VALUE = @Value,
        APPLY_FOR_FOOD_ID = @ApplyFoodID,
        REQUIRED_QTY = @ReqQty
    WHERE ID = @ID
END
GO

CREATE OR ALTER PROCEDURE [dbo].[USP_DeletePromotion]
    @ID INT
AS
BEGIN
    UPDATE PROMOTION SET STATUS = 0 WHERE ID = @ID
END
GO
-- 4. SP: Tạo phiếu nhập mới
CREATE OR ALTER PROCEDURE [dbo].[USP_InsertImportBill]
    @TotalPrice DECIMAL(18,2),
    @Note NVARCHAR(MAX)
AS
BEGIN
    INSERT INTO IMPORT_BILL (DATE_IMPORT, TOTAL_PRICE, NOTE)
    VALUES (GETDATE(), @TotalPrice, @Note);

    SELECT SCOPE_IDENTITY();
END
GO

-- 5. SP: Thêm chi tiết nhập & Tự động cộng tồn kho
CREATE OR ALTER PROCEDURE [dbo].[USP_InsertImportInfo]
    @IdBill INT,
    @IdFood INT,
    @Quantity INT,
    @InputPrice DECIMAL(18,2)
AS
BEGIN
    INSERT INTO IMPORT_INFO (ID_BILL, ID_FOOD, QUANTITY, INPUT_PRICE)
    VALUES (@IdBill, @IdFood, @Quantity, @InputPrice);

    UPDATE dbo.FOOD 
    SET INVENTORY = INVENTORY + @Quantity 
    WHERE IDFOOD = @IdFood;
END
GO

USE [DB_QUANLYBIDA]
GO
CREATE OR ALTER PROCEDURE [dbo].[USP_SmartImportFood]
    @ImportBillID INT,
    @FoodID INT,            
    @FoodName NVARCHAR(100), 
    @CategoryID INT,
    @Price FLOAT,
    @Quantity INT,
    @Unit NVARCHAR(50),
    @Image NVARCHAR(MAX)
AS
BEGIN
    DECLARE @NewFoodID INT = @FoodID;

    IF EXISTS (SELECT * FROM dbo.FOOD WHERE IDFOOD = @FoodID)
    BEGIN
        UPDATE dbo.FOOD
        SET INVENTORY = INVENTORY + @Quantity,
            PRICE = @Price,
            UNIT = @Unit, 
            IDCATEGORY = @CategoryID
        WHERE IDFOOD = @FoodID;
    END
    ELSE
    BEGIN
        INSERT INTO dbo.FOOD (NAME, IDCATEGORY, PRICE, IMAGES, INVENTORY, UNIT)
        VALUES (@FoodName, @CategoryID, @Price, @Image, @Quantity, @Unit);
        
        SET @NewFoodID = SCOPE_IDENTITY();
    END

    INSERT INTO dbo.IMPORT_INFO (ID_BILL, ID_FOOD, QUANTITY, INPUT_PRICE)
    VALUES (@ImportBillID, @NewFoodID, @Quantity, @Price);
END
GO

CREATE OR ALTER PROCEDURE [dbo].[USP_GetInventoryList]
AS
BEGIN
    SELECT 
        F.IDFOOD, 
        F.NAME, 
        FC.NAME AS CategoryName, 
        F.UNIT, 
        F.PRICE, 
        F.INVENTORY 
    FROM dbo.FOOD F
    INNER JOIN dbo.FOODCATEGORY FC ON F.IDCATEGORY = FC.IDCATEGORY
    ORDER BY F.INVENTORY ASC 
END
GO

CREATE OR ALTER TRIGGER [dbo].[TRG_DeductStock_AfterCheckout]
ON [dbo].[BILL]
AFTER UPDATE
AS
BEGIN
    IF UPDATE(STATUS)
    BEGIN
        DECLARE @BillID INT
        DECLARE @NewStatus INT
        DECLARE @OldStatus INT

        SELECT @BillID = IDBILL, @NewStatus = STATUS FROM INSERTED
        SELECT @OldStatus = STATUS FROM DELETED

        IF (@OldStatus = 0 AND @NewStatus = 1)
        BEGIN
            UPDATE dbo.FOOD
            SET INVENTORY = INVENTORY - BI.COUNT
            FROM dbo.FOOD F
            INNER JOIN dbo.BILLINFO BI ON F.IDFOOD = BI.IDFOOD
            WHERE BI.IDBILL = @BillID
        END
    END
END
GO
USE [master]
GO
ALTER DATABASE [DB_QUANLYBIDA] SET  READ_WRITE 
GO
